1,尤香秀,男,12459817528,9829371146,mwke6828@163.com,2005/11/18 0:00,a,0,\N
2,施珊,女,10960812568,4874496221,v6807@sina.com,1985/11/19 0:00,a,0,\N
3,曹琦,男,17146670222,4213623826,jfecne1554@qq.com,2006/10/5 0:00,a,0,\N
4,郑彩艳,男,12897568941,4647780644,lmhoo9337@163.com,1983/2/2 0:00,a,0,\N
5,冯花娥,女,14594457745,2365696911,aah6839@qq.com,2006/8/9 0:00,a,0,\N
6,金静,男,17030036449,9025791069,yb1597@sina.com,1988/9/27 0:00,a,0,\N
7,李香薇,女,14019564986,8978960343,qd8129@163.com,1986/11/28 0:00,a,0,\N
8,韩荔,男,19537185430,1194045408,crwli4051@sina.com,2008/5/2 0:00,a,0,\N
9,郑瑾,男,15400705933,2700057177,uvdyfig6870@163.com,1997/2/16 0:00,a,0,\N
10,柏姚,女,14935998916,603284099,adyz1308@sohu.com,2003/12/20 0:00,a,0,\N
11,何倩,男,11827556490,9004807275,ilchjj3640@qq.com,1985/4/13 0:00,a,0,\N
12,魏亚萍,女,14035574197,9341594043,tm4290@sina.com,1996/9/30 0:00,a,0,\N
13,戚红,男,10638449788,6082090481,oalb419@sohu.com,2008/2/14 0:00,a,0,\N
14,伍柳,男,15524036884,9483044068,jtltp4153@qq.com,2006/6/23 0:00,a,0,\N
15,伍媛,女,13659633994,7787865228,ytvmtkv9835@qq.com,2000/9/12 0:00,a,0,\N
16,华香薇,男,10250767469,9225334107,bckbl7171@qq.com,1986/2/4 0:00,a,0,\N
17,陈婉,女,19358592629,232146017,edi5530@163.com,1984/12/27 0:00,a,0,\N
18,何凌珍,男,19766440391,8129087769,pcv9210@qq.com,2000/8/15 0:00,a,0,\N
19,张瑾,男,12223927378,1061170695,exbvk9066@163.com,2001/7/12 0:00,a,0,\N
20,李兴,女,13183375597,4271165496,gxdgs158@163.com,1990/7/28 0:00,a,0,\N
21,曹丽丽,男,17184303402,2997495978,vsfda6152@sina.com,1988/6/12 0:00,a,0,\N
22,李琰,女,18918702602,8624533002,hqozz6474@163.com,1994/9/25 0:00,a,0,\N
23,褚金花,男,19378957152,5700317152,vmpcro693@qq.com,1990/11/30 0:00,a,0,\N
24,孔宜,男,10382837057,4477247158,ywgsx7713@sina.com,2003/11/27 0:00,a,0,\N
25,韩媛元,女,12092266678,2508645396,yam5800@sohu.com,1982/5/18 0:00,a,0,\N
26,卫倩,男,17175769805,2202909041,dybg2794@163.com,1999/8/21 0:00,a,0,\N
27,华娣,女,18164884448,1129763651,cgcbhh8291@qq.com,1999/3/6 0:00,a,0,\N
28,尤苹,男,15853668451,2195271309,ncajj7694@sina.com,2008/12/24 0:00,a,0,\N
29,秦巧丽,男,12693932652,9835529491,twp6976@sohu.com,1999/9/2 0:00,a,0,\N
30,陶红萍,女,16828291416,1279364604,hbp8333@163.com,2000/12/22 0:00,a,0,\N
31,许恩珍,男,17334761023,3229010915,rg7451@163.com,1999/11/22 0:00,a,0,\N
32,施珍,女,16461714506,411685160,vivza2561@163.com,2009/1/5 0:00,a,0,\N
33,曹晶,男,19016767144,4143818512,pnezi5802@sohu.com,2000/11/7 0:00,a,0,\N
34,郑欣阳,男,15918869972,3981953320,cromcco9881@sohu.com,2007/7/24 0:00,a,0,\N
35,东孝洁,女,18385779261,738914929,tab2615@qq.com,1996/7/8 0:00,a,0,\N
36,张侦,男,10840398073,3528950128,gomn4213@sohu.com,2001/4/14 0:00,a,0,\N
37,陈丹珍,女,15785501599,351100080,ikely1355@163.com,2005/4/20 0:00,a,0,\N
38,陈秋,男,18398311138,1182876701,rga9315@163.com,1994/9/13 0:00,a,0,\N
39,郑艳,男,15090522170,4167888036,den552@163.com,2007/8/4 0:00,a,0,\N
40,张琼,女,10796970129,646808559,zvlrfw6414@sohu.com,1995/3/15 0:00,a,0,\N
41,姜程悦,男,18203383088,9283169032,ohu9831@sohu.com,1987/5/25 0:00,a,0,\N
42,赵兰燕,女,16781873703,6029704607,yfouf4525@sina.com,1997/3/16 0:00,a,0,\N
43,尤庆黎,男,15528213381,7198187530,myazra5396@sina.com,2000/1/25 0:00,a,0,\N
44,魏秀英,男,15218759775,1343497945,sbzs6436@qq.com,2001/7/11 0:00,a,0,\N
45,张亚萍,女,10233424305,330314769,mrq2529@sina.com,2001/8/23 0:00,a,0,\N
46,姜朱娇,男,17305519580,5976673215,lrrdjx8591@qq.com,2003/2/10 0:00,a,0,\N
47,陶芳,女,16615967154,592151751,ybtlb4896@qq.com,1999/7/31 0:00,a,0,\N
48,钱凌迦,男,16479424238,3957032643,uzsz7288@sina.com,1988/4/14 0:00,a,0,\N
49,郑玉婷,男,15379653573,6603466092,scvtf6122@163.com,1982/8/4 0:00,a,0,\N
50,朱寒雁,女,17582163810,7315890492,zdwug2177@sina.com,2008/3/17 0:00,a,0,\N
51,钱开凤,男,11140038371,8598413676,heeash6106@sohu.com,1998/10/10 0:00,a,0,\N
52,孙春文,女,19345198869,6366443095,oleh7272@qq.com,1992/7/24 0:00,a,0,\N
53,郎朱婷,男,19968364834,2590563554,athhfl5135@sina.com,1987/10/24 0:00,a,0,\N
54,李雪,男,16757924556,2208619160,sogk2208@163.com,1998/4/28 0:00,a,0,\N
55,李瑞,女,17287072539,7858232017,gjp2699@163.com,1999/8/26 0:00,a,0,\N
56,曹婷,男,12381147146,9273022544,cjyac2181@sohu.com,2004/4/11 0:00,a,0,\N
57,李志桃,女,18929367661,4312709296,vmmavqv6390@sina.com,1989/4/11 0:00,a,0,\N
58,郑春燕,男,18168373107,8216487164,ukju7156@sohu.com,1985/7/18 0:00,a,0,\N
59,郑雪梅,男,10675355792,8811659809,benxvg4081@qq.com,1982/5/16 0:00,a,0,\N
60,王娟,女,11857410669,1981591256,hqlt9784@sina.com,2006/7/4 0:00,a,0,\N
61,周忠娇,男,14077237248,1980484398,nctul2063@sohu.com,1988/11/4 0:00,a,0,\N
62,金燕,女,14494783878,332805644,oezuf4404@sina.com,1993/8/17 0:00,a,0,\N
63,陶志桃,男,18886064887,9603840508,zdip1497@163.com,1986/3/18 0:00,a,0,\N
64,何叶,男,18155459165,681708236,cw8869@qq.com,1995/10/19 0:00,a,0,\N
65,姜婕,女,14892564415,5150153718,ks9862@qq.com,1993/6/4 0:00,a,0,\N
66,何冰露,男,15420384407,5513724402,tzlf3686@sina.com,2000/10/5 0:00,a,0,\N
67,吴瑶,女,18494517207,2491251586,jgub9022@sina.com,2001/6/23 0:00,a,0,\N
68,施彩霞,男,14674340486,9228960450,bg118@sohu.com,1998/1/16 0:00,a,0,\N
69,姜宛海,男,11803205609,379958236,yri2573@163.com,1992/10/8 0:00,a,0,\N
70,戚飘,女,17786605358,9709574870,yux888@sohu.com,2001/7/10 0:00,a,0,\N
71,戚寻南,男,14601420760,2747925619,msariq671@sohu.com,1992/10/16 0:00,a,0,\N
72,赵婷婷,女,19236930608,2426229540,axyu134@163.com,1999/9/21 0:00,a,0,\N
73,孙凯敏,男,11965532898,1386314899,rltlm1859@qq.com,1987/9/3 0:00,a,0,\N
74,钱琼琼,男,18249330520,7396070580,yuxg9318@163.com,2007/10/29 0:00,a,0,\N
75,卫妹妹,女,12864124178,71748886,oa5538@sohu.com,2004/7/26 0:00,a,0,\N
76,张敏,男,17996183633,1804866045,dnjiw9302@sina.com,1995/6/29 0:00,a,0,\N
77,戚永珍,女,17545683979,1700113967,papy2112@sohu.com,2005/6/24 0:00,a,0,\N
78,秦露,男,18435146808,3605555133,fzd6812@sohu.com,1986/12/13 0:00,a,0,\N
79,陶苑,男,14027866721,2490667461,bedf6172@sohu.com,1992/2/24 0:00,a,0,\N
80,冯嘎妹,女,11841381788,3906011118,gcrs9798@sohu.com,1983/4/4 0:00,a,0,\N
81,张易梦,男,16500812172,9822933850,ripl8781@163.com,1993/12/11 0:00,a,0,\N
82,华丽红,女,12597594261,8458257667,lfkv3342@163.com,2002/6/19 0:00,a,0,\N
83,李明珠,男,10957028269,2768970806,xrqj1635@sohu.com,1991/9/24 0:00,a,0,\N
84,陶南莲,男,15304385423,1061825749,vlmy7756@sohu.com,1999/8/8 0:00,a,0,\N
85,秦红萍,女,15860336422,6883333461,aeonk3984@qq.com,1999/9/14 0:00,a,0,\N
86,沈彩艳,男,17773416042,4193575824,cgn3675@sina.com,1989/9/30 0:00,a,0,\N
87,孔滢,女,18166379332,7313512866,qvebxbq7308@sina.com,2007/5/26 0:00,a,0,\N
88,周淇,男,17965883016,4676717478,tyqv8842@sina.com,1999/6/6 0:00,a,0,\N
89,权逯翠安,男,17507191300,6793042052,btlad6701@sohu.com,1985/10/7 0:00,a,0,\N
90,卫小丽,女,16438808441,4701266223,gug5774@sina.com,1994/10/13 0:00,a,0,\N
91,卫显,男,13852331042,7579990661,rcgrkv5047@sohu.com,1994/3/16 0:00,a,0,\N
92,孙霭,女,18361641168,1008634617,issi6413@sina.com,1986/11/28 0:00,a,0,\N
93,孔丽,男,16459077000,8903256559,acnecln2631@sina.com,1983/7/10 0:00,a,0,\N
94,穆红燕,男,11665670871,7552742425,nssmkm5970@163.com,2005/11/21 0:00,a,0,\N
95,吴良翠,女,14424185156,3979170382,qsvn3208@sina.com,1999/4/26 0:00,a,0,\N
96,陶慧娟,男,10388754606,9450257970,brhm1175@qq.com,2002/4/15 0:00,a,0,\N
97,吴蓉,女,11649709343,3160886451,gjwct7732@sina.com,1982/8/19 0:00,a,0,\N
98,宋淇,男,14777855873,8532310403,hajy330@qq.com,1985/5/20 0:00,a,0,\N
99,李燕,男,11535384058,2283140985,mwnai2078@163.com,1998/10/31 0:00,a,0,\N
100,孙秋菊,女,12211896181,3310330047,nscmo7671@163.com,1986/10/31 0:00,a,0,\N
101,何海燕,男,19210069775,7764766067,eabzw8764@qq.com,1995/7/18 0:00,a,0,\N
102,褚桂花,女,15507419109,8668411513,awfisd4715@sina.com,2001/2/10 0:00,a,0,\N
103,牛武琴,男,11614760756,2531575280,xbwwx8959@sohu.com,2004/8/21 0:00,a,0,\N
104,王梦,男,17669566869,3094811788,dbdhjep9786@163.com,1986/5/11 0:00,a,0,\N
105,吕紫霜,女,18249655365,9321964465,zt4925@sohu.com,2000/6/26 0:00,a,0,\N
106,云子鑫,男,14650869369,3764882958,dzns9009@qq.com,2002/9/18 0:00,a,0,\N
107,蔚名媛,女,17897788882,437978531,v332@qq.com,1984/12/28 0:00,a,0,\N
108,曹丹珍,男,10180345773,2288206778,gjmekl2850@163.com,1987/3/15 0:00,a,0,\N
109,朱翠红,男,19137728810,5503992762,hiwmxuc9336@163.com,1999/6/14 0:00,a,0,\N
110,施姬,女,19225418567,6432185760,qna5502@sohu.com,2000/8/11 0:00,a,0,\N
111,李娟,男,14957832694,1295924546,bsbwca8088@163.com,2008/6/12 0:00,a,0,\N
112,魏佳丽,女,19149140119,5634772970,paouzj7432@qq.com,2006/12/10 0:00,a,0,\N
113,周迎春,男,14284568428,203058979,efcvbh9788@sina.com,1988/1/22 0:00,a,0,\N
114,赵翡翠,男,10125231742,618700229,ueeh4735@163.com,1993/10/27 0:00,a,0,\N
115,水幻波,女,15737397074,6385319271,vtggm7017@sohu.com,2002/4/21 0:00,a,0,\N
116,闾丘欣,男,18873435258,9919791897,ujgz4391@qq.com,1983/8/17 0:00,a,0,\N
117,褚胜英,女,11422718167,1188320388,ktxj1315@sohu.com,1986/2/23 0:00,a,0,\N
118,潘朱娇,男,12277677059,8641908930,ixpm4594@qq.com,2002/5/9 0:00,a,0,\N
119,魏融,男,11079377532,1878661886,tars2917@163.com,2008/7/10 0:00,a,0,\N
120,沈香薇,女,19949544668,7250815398,lbb5757@qq.com,2005/3/21 0:00,a,0,\N
121,严育,男,19388237595,262153349,mqhicl4173@qq.com,2008/9/30 0:00,a,0,\N
122,严洪丽,女,17299575805,719737154,viys2048@sohu.com,1990/9/20 0:00,a,0,\N
123,褚琰,男,11758310198,247253395,pqyi9540@sohu.com,1997/3/21 0:00,a,0,\N
124,姜金花,男,13178859949,838899832,hx5834@sohu.com,2008/6/12 0:00,a,0,\N
125,施艳红,女,16401951909,5916370660,edkfyk1111@163.com,1993/2/28 0:00,a,0,\N
126,曹咏,男,18653452396,7001690882,goaoym5302@163.com,1986/1/24 0:00,a,0,\N
127,鲁半雪,女,13011621832,4167482724,gjitnu4613@sina.com,1988/9/20 0:00,a,0,\N
128,曹阳涌,男,15974100828,3279857799,gxokcg369@qq.com,2008/10/11 0:00,a,0,\N
129,皮竹,男,10850701928,8488506398,kalsu6544@163.com,1984/2/27 0:00,a,0,\N
130,卫筠,女,19303784370,2100222261,buiif7023@sohu.com,2007/10/19 0:00,a,0,\N
131,卫玉亭,男,11570879817,2927080313,fumli6453@163.com,2008/12/5 0:00,a,0,\N
132,袁晓磊,女,11265565156,7335537356,each3083@sohu.com,1998/1/9 0:00,a,0,\N
133,赵谷波,男,14568594098,7818038261,motrwfw528@163.com,2004/6/4 0:00,a,0,\N
134,应倩,男,11873252391,2121882568,umpfvl1347@sina.com,2004/6/28 0:00,a,0,\N
135,朱启芬,女,15193042159,1331339206,szkgznd5244@qq.com,2006/7/3 0:00,a,0,\N
136,郑婕,男,18907378911,9215048740,wlux4790@sohu.com,1990/8/29 0:00,a,0,\N
137,郭璧,女,18618250489,3402647416,xzoetb2229@qq.com,1998/10/1 0:00,a,0,\N
138,郑夜白,男,11298990249,4198632677,hrxmyyfd6616@sohu.com,1994/12/6 0:00,a,0,\N
139,郑秀娟,男,14691707491,1109383652,wrnnys6289@sohu.com,1987/3/10 0:00,a,0,\N
140,陶秋,女,19583746194,4356018584,kkbm7365@sina.com,2002/2/22 0:00,a,0,\N
141,孔聪,男,11572058796,7054455841,adeswq1944@qq.com,2006/12/3 0:00,a,0,\N
142,鲁江霞,女,19988834857,8519071033,ycv2290@qq.com,2001/1/23 0:00,a,0,\N
143,葛菲,男,18468365073,4820415192,bgwiy5435@163.com,2005/7/14 0:00,a,0,\N
144,曹慧,男,11215199232,5705821635,tyluc3235@sina.com,1986/10/6 0:00,a,0,\N
145,戚明红,女,10293422341,8056311166,pvfgid4704@sohu.com,1990/8/24 0:00,a,0,\N
146,孙晶,男,15477576255,2859699117,l2693@sina.com,2004/5/6 0:00,a,0,\N
147,王光兰,女,19543644785,2259976259,onhi3060@sohu.com,2000/7/19 0:00,a,0,\N
148,孙盼夏,男,17864848375,4502869977,nlc4510@sina.com,1986/7/4 0:00,a,0,\N
149,施梦娇,男,13218010067,818009021,dyfpqt4855@sohu.com,2008/10/30 0:00,a,0,\N
150,陈瑶,女,10583207607,9616124417,mkmlfa1934@sina.com,1996/1/10 0:00,a,0,\N
151,李甜,男,15088567137,9366161265,qrkiw8555@qq.com,1982/10/3 0:00,a,0,\N
152,赵雪倩,女,11144632101,3557829742,wbvo2283@163.com,2000/3/12 0:00,a,0,\N
153,戚胜珍,男,16135006546,5032522877,kofiucd183@qq.com,1994/7/9 0:00,a,0,\N
154,蒋安琪,男,16063175201,5334390895,jols2441@sina.com,2009/2/3 0:00,a,0,\N
155,施瑞,女,18455793261,9625925199,xgiwfsj7787@qq.com,1986/9/3 0:00,a,0,\N
156,蒋嘉,男,14121567010,3034885338,azxn1999@sohu.com,1985/10/16 0:00,a,0,\N
157,冯鑫月,女,10468361973,8332311390,faagj5678@sina.com,1998/11/14 0:00,a,0,\N
158,陶政群,男,15770628452,2742146954,rovnmg7759@163.com,2007/5/3 0:00,a,0,\N
159,姜娴,男,13710874915,7981279722,gzugtw7907@qq.com,1984/5/8 0:00,a,0,\N
160,尤翠翠,女,17723997831,8732981160,bksxw2988@163.com,1985/3/24 0:00,a,0,\N
161,朱玫,男,14058042168,1445533247,yhz7716@sina.com,1994/12/17 0:00,a,0,\N
162,韩思,女,14310669898,5279940914,rthao9418@sina.com,1992/4/1 0:00,a,0,\N
163,金美美,男,12663504481,7235566757,uszp4776@sina.com,1996/8/28 0:00,a,0,\N
164,萧纨,男,19647847414,2867100815,sj8499@sohu.com,1983/4/25 0:00,a,0,\N
165,卫幻波,女,14441278576,5852269505,zh8596@163.com,2007/11/5 0:00,a,0,\N
166,冯娇娇,男,17196605205,4132473971,aojm1208@163.com,1987/9/6 0:00,a,0,\N
167,施旭,女,14398764967,6959709585,rsvmo672@sohu.com,1987/11/17 0:00,a,0,\N
168,尤莉,男,15762866735,7349453834,gecsx9727@qq.com,1985/1/22 0:00,a,0,\N
169,尤佳丽,男,14633818268,3940843442,iv9609@sohu.com,2005/4/21 0:00,a,0,\N
170,司徒乐萱,女,13506193161,7759820674,yw8900@qq.com,1998/6/22 0:00,a,0,\N
171,吕万敏,男,17308380007,4898461436,tfg8503@sohu.com,2002/6/7 0:00,a,0,\N
172,郑紫霜,女,14018884897,9570799899,dfshy8705@qq.com,1984/9/9 0:00,a,0,\N
173,尤乐萱,男,11411173939,1664007893,ffm168@qq.com,2000/12/27 0:00,a,0,\N
174,尤光萍,男,11037895679,3928716889,exwv6546@qq.com,2005/1/1 0:00,a,0,\N
175,孔紫霜,女,13621963858,876651588,tpqqf6714@qq.com,1987/9/17 0:00,a,0,\N
176,窦婷,男,10852059125,681660552,ulkaug2551@163.com,1990/12/16 0:00,a,0,\N
177,朱苑,女,16089873909,3695220099,wxk1660@qq.com,2007/7/19 0:00,a,0,\N
178,何菁,男,13967127799,4243765269,nqwxjc6867@sina.com,2009/3/17 0:00,a,0,\N
179,赵厚菊,男,16438271403,3205428957,zcqccf143@sina.com,1996/5/2 0:00,a,0,\N
180,许名媛,女,10091124773,6373538425,ho1978@sina.com,1990/12/12 0:00,a,0,\N
181,冯姚,男,17808712124,1084904049,cnrnh5611@163.com,1986/3/29 0:00,a,0,\N
182,曹萍,女,13002507686,1178728222,vipbidz7489@qq.com,2005/4/11 0:00,a,0,\N
183,奚政群,男,19256448149,7588533190,rrbapx1633@sohu.com,1987/12/26 0:00,a,0,\N
184,金南莲,男,14363645315,160253947,zmvglns2961@sina.com,1983/2/19 0:00,a,0,\N
185,谢睿敏,女,19309998154,1416670322,zdbrh3764@163.com,2000/2/10 0:00,a,0,\N
186,何含玉,男,18042106628,7607738383,kaciy2180@sina.com,1996/12/21 0:00,a,0,\N
187,李缘双,女,18007280230,8528533261,hwqgd8632@sohu.com,1996/8/21 0:00,a,0,\N
188,孔兴,男,19002262353,9159089571,k6419@sohu.com,2004/9/24 0:00,a,0,\N
189,韩傲文,男,15220807194,1463593436,yi8112@qq.com,2004/11/17 0:00,a,0,\N
190,魏静,女,13329699039,8836596579,oya2364@qq.com,1983/6/20 0:00,a,0,\N
191,施松,男,15584444403,3233073564,sf9685@sohu.com,2003/7/4 0:00,a,0,\N
192,韩馨语,女,18450945615,2372151492,ewqkcz4027@sohu.com,2006/6/30 0:00,a,0,\N
193,金平夏,男,12834230065,2344446685,azrpqr7335@sina.com,1992/8/17 0:00,a,0,\N
194,韩佳丽,男,15111012458,7133977298,kasa7402@qq.com,1993/11/11 0:00,a,0,\N
195,孔元群,女,18875758051,8021107506,xtkh7231@sohu.com,1997/2/25 0:00,a,0,\N
196,杨倩,男,15171242952,1467508861,grbh3596@sohu.com,1989/3/29 0:00,a,0,\N
197,尤含卉,女,15390623211,7179954487,gimidn3585@sohu.com,2000/6/5 0:00,a,0,\N
198,褚海燕,男,11789977550,8762691662,sukgu1366@163.com,1999/9/7 0:00,a,0,\N
199,吴光萍,男,18294429183,7229198604,zdoem4355@qq.com,2005/10/4 0:00,a,0,\N
200,曹向萍,女,11048530340,4060520508,ztjmm910@sina.com,1996/6/20 0:00,a,0,\N
201,郑亦寒,男,17858858704,1249062229,zosin7540@qq.com,2005/8/23 0:00,a,0,\N
202,秦纨,女,16584978103,3510957888,ojx5891@qq.com,1990/9/21 0:00,a,0,\N
203,鲁夏雪,男,19810306429,4617719072,crzt1449@qq.com,1992/3/23 0:00,a,0,\N
204,彭凡,男,11298261880,9495059160,oea7167@163.com,1985/8/16 0:00,a,0,\N
205,许苹,女,15217574238,4645133604,enyrhe8230@163.com,1999/5/5 0:00,a,0,\N
206,朱章洪,男,12685101032,6723609266,hkavmtph14@sohu.com,1984/3/7 0:00,a,0,\N
207,朱采绿,女,19481129050,7277115922,tjjdvfz7754@qq.com,1986/7/15 0:00,a,0,\N
208,冯海燕,男,10872219800,7124773158,wkkn6897@sohu.com,1995/4/25 0:00,a,0,\N
209,孙冬灵,男,13236423134,7432265465,pd9468@qq.com,2008/9/28 0:00,a,0,\N
210,杨虹,女,10906386375,3833399621,sbwe9209@163.com,1989/1/14 0:00,a,0,\N
211,彭梦娇,男,10483776926,2034184553,jqytewmx7322@sina.com,2002/12/8 0:00,a,0,\N
212,施美琳,女,13364764451,7094305679,acwgdt4066@163.com,1993/9/15 0:00,a,0,\N
213,宇文德群,男,11757324337,7301500157,ofe8395@163.com,1989/5/10 0:00,a,0,\N
214,王银姣,男,19848077297,7392196282,euyi7964@qq.com,1984/10/24 0:00,a,0,\N
215,韩倩倩,女,12645520567,4358269849,islmso1349@163.com,2005/8/27 0:00,a,0,\N
216,陶文秀,男,12419084310,3620581449,lsitnu1512@sohu.com,1983/8/31 0:00,a,0,\N
217,吴黄萍,女,10475712418,9727075372,pdz3200@sohu.com,1994/6/24 0:00,a,0,\N
218,尤秀,男,18548870086,6602280557,wxnqbsb5878@163.com,2000/11/20 0:00,a,0,\N
219,孔兴怡,男,14475271105,9767564767,qvtg6536@163.com,2001/11/17 0:00,a,0,\N
220,戚盼夏,女,15633445978,774030970,katatscji1468@sohu.com,1995/6/13 0:00,a,0,\N
221,何心敏,男,17221787571,622701485,tfesy7361@163.com,1994/7/17 0:00,a,0,\N
222,苏丹,女,11643164157,9347555693,abnnfx61@sohu.com,2001/6/11 0:00,a,0,\N
223,冯瑞,男,17694830298,7735346436,fgnw6116@qq.com,1991/6/24 0:00,a,0,\N
224,姜惜雪,男,10967444181,759852231,wqamgn9811@163.com,2004/2/10 0:00,a,0,\N
225,秦欣淼,女,18741765618,1497756400,qktc5907@163.com,1984/9/19 0:00,a,0,\N
226,施胜英,男,17017312049,6724832352,nnlgzk2397@qq.com,1988/10/10 0:00,a,0,\N
227,李雅瑄,女,14270140528,8096199747,qqdyt9614@sina.com,1996/9/10 0:00,a,0,\N
228,赵竹,男,15648251771,4699259932,qawzk6524@163.com,2003/2/14 0:00,a,0,\N
229,吴兰燕,男,13979128003,7113597895,fbwf5686@sohu.com,1987/2/24 0:00,a,0,\N
230,郝眉,女,15965869426,75051576,gro9988@163.com,1999/12/6 0:00,a,0,\N
231,吴姣,男,15942534804,9952298450,eswh9364@163.com,1988/8/29 0:00,a,0,\N
232,孔幻波,女,17576869726,5910742199,buntw5159@sohu.com,2003/12/15 0:00,a,0,\N
233,朱平夏,男,19855871796,5639793464,brqce1566@qq.com,1999/3/16 0:00,a,0,\N
234,何春萍,男,15847845077,514535256,btccz8003@sina.com,1999/12/10 0:00,a,0,\N
235,杨珊,女,16259986758,3079653746,bhlrk7713@qq.com,2001/2/25 0:00,a,0,\N
236,尤晶,男,19234377145,5691294806,htle9736@sina.com,2005/3/11 0:00,a,0,\N
237,汲迎曼,女,19553759694,1310347663,fzv6482@163.com,1998/12/23 0:00,a,0,\N
238,东梅香,男,15242950916,966264102,ynr879@sohu.com,1996/8/13 0:00,a,0,\N
239,施琴,男,15108360648,1834330379,jkj8875@163.com,1983/2/24 0:00,a,0,\N
240,吴成倩,女,14088181257,1597682891,onhdotxn9763@qq.com,2004/3/14 0:00,a,0,\N
241,何秀丽,男,13295570015,9579956951,pjltz2825@163.com,1989/12/19 0:00,a,0,\N
242,俞灿灿,女,11607851982,691103111,ksw5321@sina.com,1994/1/8 0:00,a,0,\N
243,韩蓓,男,15742661356,1558740235,kdxmlzq2147@sina.com,1990/8/26 0:00,a,0,\N
244,赵海莲,男,15498267412,8227670176,ilmyxz4218@sohu.com,1997/5/10 0:00,a,0,\N
245,李亚梅,女,11626346707,4780312035,fifp1425@qq.com,1990/10/23 0:00,a,0,\N
246,王荔,男,11432416439,2319054535,jkjcdxp9063@sina.com,2007/8/2 0:00,a,0,\N
247,骆程燕,女,14318284392,7487863430,ckiujp8416@sina.com,2003/10/1 0:00,a,0,\N
248,钱冷安,男,18123449087,501325688,nwvb3014@qq.com,1995/8/8 0:00,a,0,\N
249,水心敏,男,11194649338,276267715,awsea5397@sina.com,2003/10/1 0:00,a,0,\N
250,吴心敏,女,12895965576,1380518353,omg5875@sina.com,1988/4/13 0:00,a,0,\N
251,姜亚,男,11922265887,6155526906,ikgsiu3179@sina.com,1985/9/27 0:00,a,0,\N
252,孙蕊,女,11827617883,9442177972,mngk8874@sina.com,1991/12/17 0:00,a,0,\N
253,曹夏青,男,13033803105,1122140225,vfvv6626@sina.com,2005/4/14 0:00,a,0,\N
254,葛海莲,男,11023523807,8337520235,rqyzas8080@sohu.com,1982/10/3 0:00,a,0,\N
255,陈文静,女,19104532599,9300610526,buvc5435@sina.com,1992/5/17 0:00,a,0,\N
256,金丽丽,男,18085993528,458586816,brppldn4326@qq.com,2003/11/10 0:00,a,0,\N
257,郑金玫,女,13343148827,9217952079,zbgrv2614@163.com,1987/4/27 0:00,a,0,\N
258,薛青槐,男,15342068672,3115007013,xiskfp6510@qq.com,2004/5/13 0:00,a,0,\N
259,赵芳,男,12909151911,273350667,ckwbs1308@sohu.com,1989/1/11 0:00,a,0,\N
260,秦半雪,女,18891373872,4124862466,ucvyh1890@qq.com,1994/3/14 0:00,a,0,\N
261,吕秋菊,男,16769292950,965704415,tfnjk9588@163.com,2005/6/11 0:00,a,0,\N
262,陈冬儿,女,10036780834,2132029652,fqwhp5065@qq.com,1992/2/24 0:00,a,0,\N
263,陈良翠,男,16405581831,2941521312,fm4591@163.com,2002/1/1 0:00,a,0,\N
264,许瑶,男,18160384893,9462622345,cjulvv4851@sohu.com,1992/1/12 0:00,a,0,\N
265,何莎,女,12187357544,7425546836,ofym5623@sina.com,1987/7/30 0:00,a,0,\N
266,姜乐,男,16607294082,7833043715,kw1872@sohu.com,1986/2/28 0:00,a,0,\N
267,魏青,女,10719920992,3096762646,dhdcza4363@sina.com,2001/5/26 0:00,a,0,\N
268,何兴怡,男,15639730691,9721995274,tip1378@qq.com,1995/1/1 0:00,a,0,\N
269,赵纨,男,10982230305,6972134756,xth1641@qq.com,1994/6/2 0:00,a,0,\N
270,李晓,女,19023945331,719167334,imy3676@sohu.com,1985/11/23 0:00,a,0,\N
271,何谷波,男,19566158652,2360777149,3808@sina.com,1984/12/4 0:00,a,0,\N
272,褚昌菊,女,13312443494,662873187,xxpef3015@sina.com,1986/5/5 0:00,a,0,\N
273,赵紫萱,男,17829814553,450804246,rz2155@qq.com,1987/7/7 0:00,a,0,\N
274,陶高彭,男,11384024620,3879366677,icvbq5561@sina.com,2000/9/9 0:00,a,0,\N
275,华德群,女,16277424693,4591593190,bxta5243@qq.com,1990/8/12 0:00,a,0,\N
276,孔启英,男,14304133653,1336140355,kdxls247@163.com,1996/12/13 0:00,a,0,\N
277,水玫,女,13978279232,8833824370,ryak4354@sina.com,2001/12/24 0:00,a,0,\N
278,魏惜雪,男,18068025112,21788919,jkhocp8569@sina.com,2001/9/11 0:00,a,0,\N
279,朱晓云,男,13337239623,4789826119,dcm1942@qq.com,1983/9/22 0:00,a,0,\N
280,秦嘉,女,14289239645,7364970100,hmcmx7434@sina.com,1994/2/18 0:00,a,0,\N
281,戚梦,男,13029308915,3376717038,jvrmwm7867@qq.com,1993/2/25 0:00,a,0,\N
282,郑敏茹,女,16395893096,1004942709,uwvri3986@qq.com,1988/8/31 0:00,a,0,\N
283,韩元群,男,14410764575,504916864,aosor8255@163.com,2007/3/18 0:00,a,0,\N
284,韩紫萱,男,15397278070,6726059015,xyu3738@sohu.com,1993/2/27 0:00,a,0,\N
285,施明红,女,19219353795,8274404344,mwnfn6075@sohu.com,2008/1/20 0:00,a,0,\N
286,陈小珍,男,11783277988,9868986141,lmzntc8820@sohu.com,2001/5/10 0:00,a,0,\N
287,施千萍,女,18876051306,5741368022,oflljt1842@163.com,1991/12/6 0:00,a,0,\N
288,邹小蝶,男,12619093656,8030848684,sywci7263@sohu.com,1990/11/10 0:00,a,0,\N
289,陈婕,男,18200879693,5817553411,nsy74@163.com,1984/5/19 0:00,a,0,\N
290,蔚枫,女,15397782325,5366992219,irysm879@163.com,1982/12/23 0:00,a,0,\N
291,许翡翠,男,18855292201,7365037453,fvtbwx1943@sina.com,2003/1/23 0:00,a,0,\N
292,冯乐萱,女,12713109254,1306814899,enlj9108@qq.com,1989/7/2 0:00,a,0,\N
293,秦传敏,男,10323618054,4048758735,zehs5083@qq.com,1987/7/20 0:00,a,0,\N
294,褚章洪,男,14315211772,8996131827,mndce4610@163.com,1995/5/2 0:00,a,0,\N
295,华成龙,女,18746070265,4009349376,wvg7987@163.com,1985/2/25 0:00,a,0,\N
296,尤程燕,男,15611575841,1278674383,h4438@qq.com,1987/8/24 0:00,a,0,\N
297,萧莉,女,16415815949,6918822031,cupx2383@qq.com,1995/3/31 0:00,a,0,\N
298,蒋痴梦,男,14175825119,4529004203,yi8580@163.com,1986/3/25 0:00,a,0,\N
299,杨高彭,男,17252609133,7481542959,grlbkfl7031@qq.com,1988/7/11 0:00,a,0,\N
300,何梦娇,女,18326822519,3149679000,atlkt4198@sohu.com,2006/4/26 0:00,a,0,\N
301,魏琼琼,男,16065486073,6943009572,htai3766@163.com,1995/7/14 0:00,a,0,\N
302,蒋凝,女,14340584278,44824899,ropawld4145@sina.com,1984/8/20 0:00,a,0,\N
303,李欣琪,男,11917023062,6668958418,c3842@qq.com,2001/1/23 0:00,a,0,\N
304,郑燕,男,11357506513,882847485,hrqru3976@sina.com,2006/4/19 0:00,a,0,\N
305,华倩,女,18401656746,357287036,noswftw4766@sina.com,1995/4/2 0:00,a,0,\N
306,严梅香,男,15547404289,2460701256,ybxr9672@163.com,1984/3/5 0:00,a,0,\N
307,赵香薇,女,16150566935,3945250605,jdtk8550@sohu.com,1999/11/17 0:00,a,0,\N
308,秦文涛,男,17594863176,7982194653,jsrj7878@163.com,1987/4/12 0:00,a,0,\N
309,严珍,男,15375621914,4774551848,kndo5633@sina.com,1984/5/15 0:00,a,0,\N
310,钱卿,女,10067403316,4562895370,jzkej3182@sina.com,1984/5/15 0:00,a,0,\N
311,蒋春竹,男,18764886260,4076650105,fgsk3409@qq.com,2006/7/19 0:00,a,0,\N
312,蒋艺,女,13728955984,774038123,srqfg5320@qq.com,1982/8/17 0:00,a,0,\N
313,孙茜,男,17542191147,9340933028,kukzb8536@163.com,2008/2/16 0:00,a,0,\N
314,马瑞,男,14361152648,4538054563,wyuyvag5594@163.com,1993/1/25 0:00,a,0,\N
315,杨佳丽,女,16003267168,5628221830,uzdt6063@163.com,1992/3/17 0:00,a,0,\N
316,窦缘双,男,14154926538,4188162535,xauqq216@163.com,1988/9/25 0:00,a,0,\N
317,沈南莲,女,12340939640,7392008528,dynx3352@qq.com,1990/2/26 0:00,a,0,\N
318,李万敏,男,14234926700,8004459350,gvxpl6133@sina.com,2006/12/28 0:00,a,0,\N
319,郑凡,男,16071886420,4870111111,vnkgxg5313@sohu.com,1990/9/16 0:00,a,0,\N
320,李秀,女,17379244565,39161271,vszrt5733@qq.com,1991/1/1 0:00,a,0,\N
321,陶娴,男,14877458214,1609050081,embuak878@sohu.com,1992/12/9 0:00,a,0,\N
322,郑如霜,女,12496953010,2543298906,dobgiw2937@qq.com,1989/7/18 0:00,a,0,\N
323,华燕,男,16171061396,2183787294,qdolya2283@163.com,1994/12/1 0:00,a,0,\N
324,许良翠,男,14925957918,7807605670,tsahq7071@qq.com,1997/12/19 0:00,a,0,\N
325,蒋枫,女,11204603314,1675275544,crqgxv6581@sina.com,1991/6/28 0:00,a,0,\N
326,席凌珍,男,19113662242,4729874039,zsbju2773@qq.com,2000/7/5 0:00,a,0,\N
327,孙心媛,女,12026500105,968294830,iryagi5200@qq.com,2004/10/26 0:00,a,0,\N
328,周之山,男,12742942571,7921371750,mzeksj6507@sohu.com,1990/10/16 0:00,a,0,\N
329,伍旭,男,14103747010,4432118738,wihu4614@sina.com,1985/6/25 0:00,a,0,\N
330,杨蕊,女,13865938186,9664897657,sgfas2048@163.com,1983/4/5 0:00,a,0,\N
331,王莉,男,19920551180,9046501874,rnee9270@163.com,1987/9/19 0:00,a,0,\N
332,孙黄萍,女,15108152627,7536824424,heegd9071@qq.com,1996/1/25 0:00,a,0,\N
333,潘佳丽,男,11366026997,6535466797,jyitiwp8744@163.com,1986/8/29 0:00,a,0,\N
334,吕婉,男,11505367755,3005732735,nevaa856@sina.com,2005/7/4 0:00,a,0,\N
335,卞迎曼,女,11223453879,2571386374,duvbo6361@sohu.com,2004/2/8 0:00,a,0,\N
336,冯娟,男,11035870313,8820099222,imwup9503@qq.com,1992/9/1 0:00,a,0,\N
337,陶婷,女,16573596596,9611905009,bcrpyh1922@sina.com,1999/11/14 0:00,a,0,\N
338,尤飘,男,19410490989,5497597786,rlnne3904@163.com,1983/10/11 0:00,a,0,\N
339,郑可,男,19424588084,2432209668,ojqloy2931@sohu.com,2002/3/12 0:00,a,0,\N
340,李佳丽,女,13182955980,9728351507,meodme9319@163.com,2008/5/7 0:00,a,0,\N
341,华夏青,男,12380874752,7914979158,jd3378@qq.com,2007/2/28 0:00,a,0,\N
342,赵太群,女,17743051052,4889827,jopb6910@qq.com,1998/8/28 0:00,a,0,\N
343,孙功碧,男,19663724303,3160837575,jfyv8415@sohu.com,1982/7/8 0:00,a,0,\N
344,杨瑶,男,19255098104,7291003194,mg764@sina.com,2000/6/7 0:00,a,0,\N
345,糜琼琼,女,16295796036,8481425373,oyedvt8386@163.com,2006/12/29 0:00,a,0,\N
346,周彤,男,12104244232,1042364852,ojhyr2172@sohu.com,2007/12/23 0:00,a,0,\N
347,何瑶,女,10762273669,4337958991,yth6660@qq.com,1989/4/13 0:00,a,0,\N
348,许程燕,男,15913063287,3390986971,okcki507@sina.com,2005/10/29 0:00,a,0,\N
349,华醉薇,男,18961060643,3787447466,cfc6538@qq.com,2003/1/10 0:00,a,0,\N
350,吕美娟,女,18690969944,6806435798,rwydo8621@sohu.com,1992/3/14 0:00,a,0,\N
351,李丽红,男,19754537940,4499341981,xguttw1549@sina.com,1994/1/9 0:00,a,0,\N
352,蒋影,女,15178946256,3045998017,jpnhi6127@sina.com,2000/4/12 0:00,a,0,\N
353,秦筠,男,14935384392,6904931779,vmnpsh2800@qq.com,1999/1/5 0:00,a,0,\N
354,吕艺,男,11952080726,3706418012,zefi8834@163.com,1998/5/26 0:00,a,0,\N
355,卫良翠,女,18918959498,7542077376,eujhb8545@sina.com,2000/10/13 0:00,a,0,\N
356,邹瑾,男,13342419862,5189753216,ibvgagf2210@163.com,1985/6/4 0:00,a,0,\N
357,蒋青,女,15974748730,9157739527,npuat4999@qq.com,1987/12/16 0:00,a,0,\N
358,魏翠花,男,14744632244,3395742225,rdlt914@sina.com,1989/6/29 0:00,a,0,\N
359,魏梦娇,男,15309371352,1630849862,grfgv83@sina.com,2007/12/3 0:00,a,0,\N
360,费灵竹,女,12366985082,5953237884,gtt375@sohu.com,1987/4/21 0:00,a,0,\N
361,华嘎妹,男,16813650727,277936643,tnoh9308@163.com,1984/10/12 0:00,a,0,\N
362,蒋千萍,女,10990133285,2303245015,xbykh6095@163.com,2009/1/5 0:00,a,0,\N
363,吴敏茹,男,12786247134,604146578,xmlbny7121@sohu.com,1989/5/5 0:00,a,0,\N
364,朱韵,男,13796221017,4445949982,jtfatui9894@sohu.com,1990/12/10 0:00,a,0,\N
365,韩虹,女,13446353077,1062011120,opf7547@sina.com,2006/11/18 0:00,a,0,\N
366,施嘉,男,10830795764,3664396780,gok1408@163.com,1989/6/23 0:00,a,0,\N
367,冯婷,女,16547951102,7880543205,vzcux9046@sohu.com,1992/7/30 0:00,a,0,\N
368,尤锦,男,15160034894,1037151835,yvnh1476@sohu.com,1993/1/17 0:00,a,0,\N
369,金美丽,男,13908134102,8527177852,foo2434@sohu.com,1989/8/6 0:00,a,0,\N
370,钱玉凤,女,18285784721,2052567203,vqmo5390@qq.com,2007/6/28 0:00,a,0,\N
371,柏帮菊,男,10161988139,2864967567,ktmnes836@sina.com,2004/3/30 0:00,a,0,\N
372,瞿睿敏,女,18880912065,8137109354,dptc8665@sina.com,1988/10/25 0:00,a,0,\N
373,褚寻文,男,11556537747,3567620987,tozbsfvc930@sina.com,2001/1/2 0:00,a,0,\N
374,金姣,男,11407468318,410258226,vgrs8373@sina.com,2008/11/6 0:00,a,0,\N
375,许露,女,15096253752,9854880716,gtnv3684@qq.com,1992/7/24 0:00,a,0,\N
376,尤佳,男,13680166006,3478388751,pmbdi2848@163.com,1989/2/13 0:00,a,0,\N
377,陶羽,女,10852623581,1110693760,riujmt9571@163.com,1988/1/10 0:00,a,0,\N
378,许珊,男,14937667846,9580354514,fhhyfl2602@sohu.com,1995/1/20 0:00,a,0,\N
379,施敏婷,男,12750284075,9446615534,zqdv442@sina.com,1989/1/28 0:00,a,0,\N
380,施月珍,女,18484188318,5897030761,drtl1244@163.com,2007/3/25 0:00,a,0,\N
381,周乐萱,男,15642216801,2773215844,puoy26@sina.com,2005/5/12 0:00,a,0,\N
382,钱艺,女,15463907718,337421423,dntacd7176@qq.com,1992/1/8 0:00,a,0,\N
383,姜苹,男,18986505866,2441562820,cqxcex5559@sohu.com,2003/11/26 0:00,a,0,\N
384,朱乐,男,18830698728,3613872357,bcf2520@qq.com,1982/8/12 0:00,a,0,\N
385,杨萍,女,19937158226,2017718191,mst4996@sohu.com,1998/11/29 0:00,a,0,\N
386,蒋琦,男,19075665473,7918850476,vehcgg1445@sina.com,2007/10/14 0:00,a,0,\N
387,钱瑾,女,11161486506,6252424888,pqaid9412@sohu.com,1999/5/28 0:00,a,0,\N
388,秦月珍,男,15774995088,5015745974,lfbio7357@sina.com,1982/9/3 0:00,a,0,\N
389,陈小兰,男,11196554303,1808675374,uqgt5320@163.com,2005/10/14 0:00,a,0,\N
390,褚程悦,女,11520621776,9056232323,klqu4143@qq.com,1987/1/15 0:00,a,0,\N
391,郑心媛,男,17657184004,3809516659,zyabs3977@sohu.com,2006/12/24 0:00,a,0,\N
392,黄幻波,女,17296203374,1936766223,rq2844@qq.com,2001/11/16 0:00,a,0,\N
393,施馨语,男,16108027100,4768765435,jcotcz7744@163.com,1982/10/4 0:00,a,0,\N
394,卫高彭,男,10860910415,1506527215,owbciqy9592@sohu.com,2006/3/5 0:00,a,0,\N
395,杨丽丽,女,19912196993,4966954257,hum4783@163.com,1992/3/5 0:00,a,0,\N
396,冯溶艳,男,12203527688,5439544112,zirg1948@sohu.com,2003/3/4 0:00,a,0,\N
397,陈婷婷,女,18868964314,5835127227,djvnaj6753@sina.com,1982/10/20 0:00,a,0,\N
398,杨红恋,男,12629368305,6083312971,uup251@sohu.com,2002/4/15 0:00,a,0,\N
399,金翠柔,男,16953014731,408951098,lbqhkn3035@sohu.com,1996/10/16 0:00,a,0,\N
400,褚怜云,女,16542500257,4096478762,xsdcf1343@163.com,2008/7/5 0:00,a,0,\N
401,姚春燕,男,11967769265,7415595254,wuwwis2539@163.com,1989/11/26 0:00,a,0,\N
402,魏惠,女,17485785484,1188100447,dgeif8939@sohu.com,1989/3/10 0:00,a,0,\N
403,陶娣,男,12425267100,8056021488,aqxg3771@qq.com,2007/10/22 0:00,a,0,\N
404,褚肇琪,男,12501231431,4770966632,rfus5686@sina.com,1993/7/7 0:00,a,0,\N
405,孔之柔,女,19465110898,7044962023,xiu9803@163.com,2005/11/4 0:00,a,0,\N
406,尤薇,男,11373155117,9841496506,pwccct5808@qq.com,1995/8/18 0:00,a,0,\N
407,戚黛,女,14124974608,1971301716,mo9446@163.com,1982/8/6 0:00,a,0,\N
408,孙代云,男,19816659688,5898678231,ylwi5735@sohu.com,1995/10/1 0:00,a,0,\N
409,何锦,男,12775173783,7541217878,lxfwwm8026@qq.com,1990/5/5 0:00,a,0,\N
410,陈夏青,女,18173923492,9214544485,odbvq2039@sohu.com,2004/6/20 0:00,a,0,\N
411,陶小珍,男,16029798388,3766708646,rtl606@qq.com,2008/10/28 0:00,a,0,\N
412,吴勤,女,19680801630,3268802340,zhwkq7506@163.com,1991/7/15 0:00,a,0,\N
413,朱露,男,18946908116,9661808352,lgccw8853@163.com,2001/6/5 0:00,a,0,\N
414,潘婷,男,14866240024,2659902164,ncentg6491@sohu.com,2007/12/12 0:00,a,0,\N
415,韦英,女,12830290198,6509265814,mtp1291@sohu.com,1994/3/19 0:00,a,0,\N
416,曹欣怡,男,11147001981,8305277730,azwxe874@163.com,2001/4/9 0:00,a,0,\N
417,顾梓涵,女,11445279717,7259889004,rqua104@qq.com,2001/9/6 0:00,a,0,\N
418,蒋成倩,男,19180207252,4243107234,gir6546@sina.com,1993/10/5 0:00,a,0,\N
419,戚纨,男,16961142420,1127327016,lojr2348@qq.com,1996/10/23 0:00,a,0,\N
420,何梅梅,女,10036183595,8848082383,kvgaui3360@163.com,1997/9/22 0:00,a,0,\N
421,周雅瑄,男,13432520031,4940557770,dplzk1512@sina.com,2000/9/21 0:00,a,0,\N
422,金乐之,女,19754130840,5773860269,lvxzy683@163.com,2000/2/3 0:00,a,0,\N
423,沈翠翠,男,18132438063,5316797409,qvkmxya9223@163.com,2003/1/6 0:00,a,0,\N
424,姜佳丽,男,10343097448,2434450204,rrfbon3491@163.com,1989/7/30 0:00,a,0,\N
425,杨德群,女,13549376130,8217114800,ydud2632@sohu.com,1982/2/20 0:00,a,0,\N
426,周琰,男,18790769577,6337245193,ywtk1772@163.com,1984/9/5 0:00,a,0,\N
427,钱文涛,女,15360900759,4947442100,mwei8383@sohu.com,1997/2/12 0:00,a,0,\N
428,尤水云,男,18142572641,2080115251,vbwspq1568@163.com,2006/7/23 0:00,a,0,\N
429,陶欣,男,14196360707,6167329806,ytpnux7275@sohu.com,1993/3/26 0:00,a,0,\N
430,陶佳玲,女,17213585376,4324987245,llwuc8976@163.com,1993/1/18 0:00,a,0,\N
431,章亦寒,男,11501144766,7969082240,tf1606@163.com,1982/10/30 0:00,a,0,\N
432,周琦,女,17995766401,4560593441,kts3612@qq.com,1992/11/12 0:00,a,0,\N
433,施尔珍,男,12315002083,6589656902,ihml5940@sina.com,1989/5/15 0:00,a,0,\N
434,潘妹妹,男,12322993278,1966698454,ef5406@sohu.com,1991/11/30 0:00,a,0,\N
435,陶岚,女,10276924967,817888620,gg83@qq.com,2004/12/22 0:00,a,0,\N
436,陈春文,男,11856414079,1192421780,vk7749@sina.com,2002/10/24 0:00,a,0,\N
437,郑勤,女,12669094204,3659516952,kkuhqyo2160@sohu.com,2000/7/19 0:00,a,0,\N
438,杨醉薇,男,17952611446,2361130604,zxxnua6889@sina.com,1985/2/20 0:00,a,0,\N
439,沈敏,男,15812386870,7322572762,ryotm2570@163.com,1996/7/17 0:00,a,0,\N
440,冯莎,女,10477079153,1114385072,ktifxa2343@sina.com,1990/4/28 0:00,a,0,\N
441,郑美丽,男,13625946640,8085517413,xyogy6195@163.com,1998/7/3 0:00,a,0,\N
442,范睿婕,女,17125511169,9007425704,nzmmwys1665@qq.com,2002/2/5 0:00,a,0,\N
443,孙青槐,男,14663316607,110725516,ywu9789@sohu.com,2001/9/30 0:00,a,0,\N
444,沈政群,男,17315403223,7068790148,lz2978@163.com,1998/8/19 0:00,a,0,\N
445,何凡,女,15437634587,9765739675,pgpi6868@sina.com,1989/11/3 0:00,a,0,\N
446,施光兰,男,17210466861,7836383956,xdd3084@163.com,2002/6/6 0:00,a,0,\N
447,吴影,女,10348390936,4514963151,rdvppp4414@qq.com,2005/5/22 0:00,a,0,\N
448,钱枫,男,14940356016,3682727574,iz7970@163.com,1998/6/13 0:00,a,0,\N
449,曹莎,男,11022248864,2943963908,jvjxsa9079@sina.com,2000/9/24 0:00,a,0,\N
450,王名媛,女,17578206062,1741679224,cgu4112@sina.com,1992/6/2 0:00,a,0,\N
451,拓跋琼琼,男,10380427241,4979270949,tmtif7819@sohu.com,2008/3/20 0:00,a,0,\N
452,郑婷,女,13938485383,8249270878,eyid4876@163.com,1995/10/14 0:00,a,0,\N
453,秦丽,男,19245145916,3865901405,tfsnxfs6156@163.com,2003/11/19 0:00,a,0,\N
454,金欣阳,男,19757659435,7611112003,kbms8559@sina.com,1997/10/14 0:00,a,0,\N
455,孙之念,女,15797633528,3965194299,ihl4872@sohu.com,1984/5/8 0:00,a,0,\N
456,姜采绿,男,14320167303,4008793265,nijj8087@qq.com,1995/8/23 0:00,a,0,\N
457,吕恩珍,女,10700197815,935494427,hbxrg452@sina.com,1992/5/8 0:00,a,0,\N
458,左玉婷,男,10092210769,5857909887,axdevvkp3930@sina.com,2004/10/12 0:00,a,0,\N
459,任沛文,男,13194858431,3358107294,oravg1560@sohu.com,1995/10/17 0:00,a,0,\N
460,李寒,女,19425855875,5930151836,sake7006@qq.com,1985/11/14 0:00,a,0,\N
461,韩宜,男,15991042256,7371113545,ymyym5394@qq.com,1997/6/15 0:00,a,0,\N
462,吕宛海,女,14895946979,2451915540,zkhuuc7539@163.com,1986/8/6 0:00,a,0,\N
463,戚娜,男,19254841208,8373458819,bxkp3550@sohu.com,1996/11/14 0:00,a,0,\N
464,吕妙海,男,12332333326,8991989309,mfw8812@sina.com,2006/10/8 0:00,a,0,\N
465,张艳,女,16512332558,6361862482,vbal346@163.com,2002/8/21 0:00,a,0,\N
466,陶洪丽,男,18109908103,3450862161,buk7628@sohu.com,1987/1/21 0:00,a,0,\N
467,杨婉,女,17779461741,3963046150,cbgn3339@sohu.com,1998/1/1 0:00,a,0,\N
468,李心敏,男,14758960008,8963963233,lafr5129@qq.com,1983/12/3 0:00,a,0,\N
469,孔如霜,男,17730987668,8723770464,ayx8621@163.com,1998/9/14 0:00,a,0,\N
470,孔显,女,11458337306,2031636457,ojkhb520@sina.com,1987/10/28 0:00,a,0,\N
471,吕可,男,19220990538,3721216043,fkvm5486@sina.com,1995/11/23 0:00,a,0,\N
472,秦景燕,女,18473924398,5687992712,li3688@sina.com,2005/9/4 0:00,a,0,\N
473,沈纨,男,14967442154,3056092053,bemfw5296@qq.com,2001/8/7 0:00,a,0,\N
474,张永珍,男,17104930877,8021499108,odmp5318@sina.com,1996/7/16 0:00,a,0,\N
475,蒋莎莎,女,12713338732,1291163331,vn5492@sohu.com,2006/11/26 0:00,a,0,\N
476,钱梦,男,19200493097,8859502621,sarm3374@163.com,1999/7/16 0:00,a,0,\N
477,吴婷婷,女,11676896214,8397504501,hzw6736@163.com,2000/10/14 0:00,a,0,\N
478,华滢,男,12809088230,9929372738,bnbuxk449@163.com,1998/12/17 0:00,a,0,\N
479,郑玉亭,男,10603308081,4271147019,beo8235@163.com,1984/8/29 0:00,a,0,\N
480,沈子彤,女,13023260831,6308705325,ckdyo5861@sohu.com,2003/9/19 0:00,a,0,\N
481,华程燕,男,10230565667,9382422587,zjxk2525@sina.com,1992/8/19 0:00,a,0,\N
482,卫胜英,女,19582161903,9477057383,oqd2648@163.com,1995/11/11 0:00,a,0,\N
483,魏章洪,男,15481840968,620773873,ucrin8962@163.com,2006/7/14 0:00,a,0,\N
484,严茜,男,15294400453,4781809899,bk3969@sohu.com,1998/4/24 0:00,a,0,\N
485,曹媛,女,15196931958,3897200965,ufwjd820@qq.com,2003/5/21 0:00,a,0,\N
486,沈乐之,男,11843707561,8630493460,dg7641@qq.com,1985/2/13 0:00,a,0,\N
487,张明珠,女,19715270400,7567199517,igxa1624@163.com,1996/6/8 0:00,a,0,\N
488,窦瑗,男,12039912939,3222298843,yury803@sina.com,2004/3/21 0:00,a,0,\N
489,施凡,男,19122992157,3236384002,snoqm2137@qq.com,1995/9/29 0:00,a,0,\N
490,苏琦,女,10077733993,9131012235,tag693@sina.com,1998/9/12 0:00,a,0,\N
491,冯醉薇,男,17476570010,3011447027,xnxo3429@sohu.com,2004/12/10 0:00,a,0,\N
492,杨岚,女,13865877389,8552162306,haqfue3643@qq.com,2001/2/5 0:00,a,0,\N
493,孔娣,男,10815508961,4758983131,vhrf3643@163.com,2001/2/21 0:00,a,0,\N
494,陈静,男,15988953113,4526593794,doff2711@sohu.com,1993/4/29 0:00,a,0,\N
495,孔海燕,女,19276604056,9434573023,fsvz3982@qq.com,1984/8/29 0:00,a,0,\N
496,冯涛,男,12364701032,3953179803,eau8574@sina.com,1995/11/2 0:00,a,0,\N
497,夹谷祖香,女,16122260689,7044711684,msl15@sina.com,2005/2/21 0:00,a,0,\N
498,秦苑,男,10159029960,4703092507,aabth8931@qq.com,1985/6/26 0:00,a,0,\N
499,孙倩,男,18995377421,304011265,hxuo1985@163.com,1996/1/29 0:00,a,0,\N
500,郑明珠,女,19021369218,9648109430,qvo2044@163.com,1989/10/26 0:00,a,0,\N
501,魏盼夏,男,11213291287,7550237244,kniwr9988@qq.com,2002/6/4 0:00,a,0,\N
502,卫冰彤,女,12202832698,2915520003,koqmo2782@sina.com,1989/8/26 0:00,a,0,\N
503,吕敏,男,13413285613,8979713744,ofmorpd5248@sina.com,1983/1/8 0:00,a,0,\N
504,吴贞,男,16619695425,6182014587,mlk2602@qq.com,1982/3/1 0:00,a,0,\N
505,孙寒,女,18362160325,2765431486,lza7937@sohu.com,1985/5/21 0:00,a,0,\N
506,周婷,男,13424682617,5319265635,hbkbyn6242@sina.com,1999/3/4 0:00,a,0,\N
507,穆伊萍,女,14242364764,120529279,lbrm9408@sohu.com,1982/11/8 0:00,a,0,\N
508,窦丽,男,13148571252,203448197,irzmkw2155@sina.com,2007/3/29 0:00,a,0,\N
509,严丽,男,14227192997,869607519,hkssq5991@qq.com,1988/8/17 0:00,a,0,\N
510,卫思,女,11974604129,3001374448,pveq4330@qq.com,2002/12/7 0:00,a,0,\N
511,尤艳红,男,12657541632,3590319605,pt8384@sohu.com,1982/9/3 0:00,a,0,\N
512,韩欣悦,女,18208216428,2745724422,czzb2320@163.com,2008/7/10 0:00,a,0,\N
513,周荷,男,10632730126,6887784732,gos2968@qq.com,1993/5/2 0:00,a,0,\N
514,魏凝,男,10504574775,6511762650,tdu8651@163.com,1993/2/27 0:00,a,0,\N
515,郑景燕,女,16327883601,864322976,mols8964@sina.com,1984/12/15 0:00,a,0,\N
516,蒋育彤,男,11916428804,8197881,yyxs8205@sohu.com,2000/7/13 0:00,a,0,\N
517,孙花长,女,17850378155,346961137,xsq6670@sohu.com,1994/11/10 0:00,a,0,\N
518,秦亦瑶,男,16324775218,2894510579,iwn5181@qq.com,1989/3/24 0:00,a,0,\N
519,蒋乐萱,男,18947848677,3935325249,mdni4273@sina.com,1990/9/26 0:00,a,0,\N
520,许书同,女,16314834356,6637460375,fgcg8552@qq.com,2003/10/14 0:00,a,0,\N
521,钱秀芳,男,10380259156,5432293214,xvpad9566@qq.com,2005/1/20 0:00,a,0,\N
522,元涵菡,女,14059839248,5219063175,pac5214@sohu.com,1996/6/1 0:00,a,0,\N
523,杨璧,男,12268535494,6719958485,lxrr6763@163.com,1985/12/22 0:00,a,0,\N
524,冯秀娟,男,19275137186,1508655098,ppowfa2740@qq.com,1993/6/13 0:00,a,0,\N
525,禹文涛,女,15232260823,3643433251,zxrt7604@163.com,2006/2/24 0:00,a,0,\N
526,严孝洁,男,10805103778,4611527943,yzxrwi3500@sohu.com,2006/3/25 0:00,a,0,\N
527,韦名媛,女,10628933310,8964927039,kgpb1168@sohu.com,1983/6/13 0:00,a,0,\N
528,许雪梅,男,10905369520,6006648361,signcj614@sina.com,1990/2/2 0:00,a,0,\N
529,张仪,男,12707286477,8950704193,egyln6794@sina.com,1985/7/6 0:00,a,0,\N
530,朱念,女,13782858848,4785890428,huxj7730@163.com,1989/5/12 0:00,a,0,\N
531,杨枫,男,17987172007,2653271154,uwyi1223@sina.com,1985/1/1 0:00,a,0,\N
532,厉龙婷,女,12456141710,4807358808,jvm8283@sina.com,1985/2/11 0:00,a,0,\N
533,褚玉婷,男,19678505063,5451411981,nu7407@sohu.com,1989/3/19 0:00,a,0,\N
534,许荷,男,10498597621,9075277180,pjlhk9170@sina.com,1996/3/26 0:00,a,0,\N
535,尤姬,女,17451772093,910588055,kaohd2648@qq.com,1983/7/13 0:00,a,0,\N
536,冯妍,男,17726892232,9158944136,oectww9674@163.com,1983/2/23 0:00,a,0,\N
537,何访琴,女,15372601151,7526035398,atuo4838@qq.com,1982/9/20 0:00,a,0,\N
538,朱开凤,男,11397266387,9963216222,qwwbv4933@sohu.com,1988/4/23 0:00,a,0,\N
539,朱霄,男,13312894701,9411310546,scv2199@qq.com,2001/4/6 0:00,a,0,\N
540,孔慧,女,16972137689,2663105314,sux923@sohu.com,1986/10/23 0:00,a,0,\N
541,戚亦寒,男,19651024937,2494533414,wmtrn5608@qq.com,1993/1/11 0:00,a,0,\N
542,沈良翠,女,15019514560,1114875022,nstn7183@sohu.com,1987/4/10 0:00,a,0,\N
543,金亦瑶,男,15573591589,284983097,uda3027@qq.com,2003/7/23 0:00,a,0,\N
544,沈含玉,男,13307722806,9556268301,ljfz8430@sina.com,1985/3/23 0:00,a,0,\N
545,杨旭,女,13791242241,5772540028,lerl3378@qq.com,2002/10/10 0:00,a,0,\N
546,华凡,男,15657944679,1908285960,xwa2100@qq.com,1994/1/16 0:00,a,0,\N
547,阙半雪,女,16981055140,8522415446,oov569@qq.com,2000/5/25 0:00,a,0,\N
548,邹琼琼,男,11617070436,5490923264,gichcp2456@qq.com,1993/6/26 0:00,a,0,\N
549,戚昌玉,男,13767984509,8527666610,zcx1604@sohu.com,1985/3/27 0:00,a,0,\N
550,潘灿灿,女,13513362407,4465649297,zflfi580@sohu.com,1998/5/9 0:00,a,0,\N
551,雷雁,男,12557868361,882063685,gytsb4062@163.com,1985/11/29 0:00,a,0,\N
552,曹计香,女,19957431554,816791300,gimkq3145@qq.com,2004/11/15 0:00,a,0,\N
553,郑慧,男,16034498810,7835721749,thwf883@sohu.com,2006/6/23 0:00,a,0,\N
554,戚玉亭,男,17351026535,3184553643,tezpyl205@qq.com,1999/10/31 0:00,a,0,\N
555,陈悦明,女,11633254885,7296148858,umgs646@qq.com,1998/5/25 0:00,a,0,\N
556,韩佳,男,13466135263,6362108649,mgq6178@qq.com,1989/12/21 0:00,a,0,\N
557,秦万敏,女,15803797841,9336958594,xihmb8972@sina.com,2000/2/20 0:00,a,0,\N
558,冯丽,男,19656898975,6769213927,isvwjq3044@163.com,1999/3/15 0:00,a,0,\N
559,金成倩,男,12374328970,4777023054,okloq4422@sohu.com,2004/2/27 0:00,a,0,\N
560,朱婷婷,女,10766838788,1714908421,lhnx9144@sohu.com,1987/1/23 0:00,a,0,\N
561,孔伊萍,男,17829909920,2392349698,mktlzs1527@163.com,1988/10/7 0:00,a,0,\N
562,秦枫,女,14293894767,2761756863,ijpqr1025@qq.com,1993/5/3 0:00,a,0,\N
563,孙铠沣,男,18817345499,3823333002,yddrd3662@sohu.com,1993/3/9 0:00,a,0,\N
564,张冰露,男,12875777482,6004199805,mwthf7167@sohu.com,1993/3/16 0:00,a,0,\N
565,李莉,女,19689128994,7739789361,qxnh9376@sina.com,1988/12/24 0:00,a,0,\N
566,孔龙婷,男,16658132076,4573423924,njufun1137@sohu.com,1992/8/31 0:00,a,0,\N
567,孙倩倩,女,10398949980,7326311162,guex1123@163.com,1994/4/27 0:00,a,0,\N
568,钱芳,男,14608014822,1181294796,prkac2360@qq.com,1994/11/5 0:00,a,0,\N
569,吕高彭,男,17561264634,7650413478,njlbznj9863@sohu.com,2008/9/29 0:00,a,0,\N
570,窦艳红,女,16335182189,1015871806,xjoj4582@163.com,1986/4/24 0:00,a,0,\N
571,陶夏雪,男,13987428545,1976034320,prafl6048@qq.com,2006/10/19 0:00,a,0,\N
572,孙宛海,女,18483692407,7800982409,bttin3628@sina.com,2006/5/18 0:00,a,0,\N
573,朱姬,男,14510892033,8584786876,m3723@sina.com,1983/5/19 0:00,a,0,\N
574,糜鑫月,男,12256319522,8332370399,xu2090@sina.com,1984/9/27 0:00,a,0,\N
575,酆璧,女,18413957953,2167629683,shtbgv4197@163.com,1994/5/9 0:00,a,0,\N
576,卫铠沣,男,11134279966,3302860400,qisq6107@sohu.com,1991/5/15 0:00,a,0,\N
577,卫春文,女,11268602013,6349188163,edhy2874@163.com,1987/5/24 0:00,a,0,\N
578,杨迎春,男,10354771614,4729118253,oqtit6497@163.com,2001/10/7 0:00,a,0,\N
579,赵锦,男,11503855586,6407568470,gpoh8909@sina.com,2002/4/17 0:00,a,0,\N
580,戚瑾,女,12208825349,2792504484,x8892@163.com,2005/3/1 0:00,a,0,\N
581,钱勤,男,19512251019,3751842071,pusfc1412@sohu.com,1994/6/21 0:00,a,0,\N
582,范涛,女,13721969127,7406415552,oqb9175@qq.com,1992/3/21 0:00,a,0,\N
583,严婷,男,19607829451,6219907010,iezeih1249@sina.com,1999/12/15 0:00,a,0,\N
584,孔凯敏,男,15780204534,2322775054,wlu9279@sina.com,1995/12/18 0:00,a,0,\N
585,冯兰兰,女,17648211121,759179296,uiqkre7780@sina.com,2004/3/1 0:00,a,0,\N
586,曹昭娣,男,15263795852,2089984578,idubxrf6910@163.com,1999/12/9 0:00,a,0,\N
587,华笑白,女,19633228182,7552515331,hq4357@163.com,1986/7/23 0:00,a,0,\N
588,姜春竹,男,14251371622,4675041397,ywtjgh6530@sohu.com,1982/10/5 0:00,a,0,\N
589,籍黄萍,男,19092620015,7152073847,qagmh7462@sina.com,1994/12/22 0:00,a,0,\N
590,韩娅,女,12856838703,5062157681,salmai6911@163.com,1987/3/22 0:00,a,0,\N
591,严婷婷,男,13575291037,4683353257,enzone4023@163.com,2008/5/19 0:00,a,0,\N
592,郑侦,女,14761608839,7640443419,r4867@163.com,1993/10/22 0:00,a,0,\N
593,吴太红,男,13052631020,7682127886,clyk8838@sohu.com,2008/8/17 0:00,a,0,\N
594,孙贞,男,17004637718,7693182748,esglb1513@163.com,2006/4/13 0:00,a,0,\N
595,郑彩菊,女,15548397898,6626693999,nsukz8214@qq.com,2008/2/27 0:00,a,0,\N
596,周萍,男,18092776536,4801140858,xzo2458@sina.com,1993/10/15 0:00,a,0,\N
597,戚春燕,女,17807663083,9727874074,uyjl6711@163.com,1997/4/7 0:00,a,0,\N
598,何淑芬,男,10993936061,3472446174,jjitw2901@sohu.com,2004/6/29 0:00,a,0,\N
599,褚婵,男,11317319273,6039405253,nhetxkq4476@sohu.com,2002/4/6 0:00,a,0,\N
600,张传敏,女,10075563192,8811540003,xvdh896@163.com,1987/12/28 0:00,a,0,\N
601,张小蝶,男,16490650773,3451065413,yl1403@sohu.com,1983/6/23 0:00,a,0,\N
602,卜小蝶,女,13550930023,7539703326,hqsiqfr6879@qq.com,1983/1/15 0:00,a,0,\N
603,王静欣,男,10328466296,627177789,yzpry4254@qq.com,1989/10/31 0:00,a,0,\N
604,陶如霜,男,15495735406,7179587919,udptam9019@sina.com,2001/6/1 0:00,a,0,\N
605,何琳,女,15369294285,4452882591,yktm2079@163.com,2006/2/7 0:00,a,0,\N
606,吴馨语,男,13997519016,8716376515,oquoyr3847@163.com,1992/2/14 0:00,a,0,\N
607,周灵竹,女,10241140723,7050761549,exegdlg6599@qq.com,1992/7/15 0:00,a,0,\N
608,孙宏艳,男,14500387907,547984157,qlyknpl6157@qq.com,1995/6/18 0:00,a,0,\N
609,蒋厚菊,男,14627309441,8930228826,isbez9543@qq.com,2005/12/13 0:00,a,0,\N
610,王胜珍,女,19907555580,4036770465,wcx2769@sina.com,1989/3/3 0:00,a,0,\N
611,周璧,男,13958784937,7332269236,fvpo283@163.com,2003/1/20 0:00,a,0,\N
612,蒋婷婷,女,11504193544,3475429979,vhgm6641@163.com,2002/7/22 0:00,a,0,\N
613,曹雪,男,11645677685,1331972207,hccq6542@qq.com,1988/7/24 0:00,a,0,\N
614,钱眉,男,17263095378,5779315281,fnxaz3139@163.com,1993/10/21 0:00,a,0,\N
615,余雪倩,女,19160231947,7761367413,ouwezp72@qq.com,1990/12/3 0:00,a,0,\N
616,尤启芬,男,16595653295,7717915075,mihkx8977@sina.com,2004/12/25 0:00,a,0,\N
617,杨青,女,16783896088,4515145541,zzec1162@163.com,1986/6/15 0:00,a,0,\N
618,李伊萍,男,13110647201,997856916,pc3377@qq.com,1997/2/7 0:00,a,0,\N
619,许纨,男,10330955386,301565093,bor2837@sohu.com,2003/10/16 0:00,a,0,\N
620,孙媛,女,19443346261,8009941779,zxovpc7501@sohu.com,1995/5/6 0:00,a,0,\N
621,戚傲文,男,11661227345,2401273696,qku4298@sina.com,1989/4/15 0:00,a,0,\N
622,卫晓磊,女,10717422962,3552855143,rjpbf687@sohu.com,1991/12/20 0:00,a,0,\N
623,陈恩珍,男,13294319510,6496419833,fisqt8259@sohu.com,1986/11/16 0:00,a,0,\N
624,张茜,男,15702179670,345776794,ditn4487@sohu.com,1999/5/26 0:00,a,0,\N
625,秦文秀,女,19937949776,5132558444,wqj8498@sohu.com,1995/12/11 0:00,a,0,\N
626,冯岚,男,17227587699,8642679022,xiyot7394@sina.com,1990/10/14 0:00,a,0,\N
627,施良翠,女,12242829203,3875861331,cuol3035@qq.com,1991/7/24 0:00,a,0,\N
628,杨婷,男,15919638872,2760680404,p1615@qq.com,1984/6/1 0:00,a,0,\N
629,吴嘉,男,10596607327,6728170805,crymxd1716@sina.com,2003/4/12 0:00,a,0,\N
630,陶璧,女,13818509578,9834839866,akoq4158@sina.com,1996/11/6 0:00,a,0,\N
631,蒋婷,男,19269379973,4862362515,ltj3651@sina.com,2004/4/20 0:00,a,0,\N
632,金纨,女,16942037343,8612203197,ksjjah4728@sohu.com,2002/7/27 0:00,a,0,\N
633,赵咏,男,13723259568,5240480890,zoky9639@qq.com,1992/10/15 0:00,a,0,\N
634,魏冰露,男,18357009887,8597231717,deofh7660@163.com,1989/12/6 0:00,a,0,\N
635,魏莎,女,16398507952,8177238141,fpzod1593@qq.com,1984/10/31 0:00,a,0,\N
636,华黄萍,男,15820766687,2361420282,tkumc4535@sohu.com,1991/9/11 0:00,a,0,\N
637,金迎春,女,18788731694,5411305247,wsmxecd4911@qq.com,2004/9/5 0:00,a,0,\N
638,孙芳,男,10555613040,6329389308,ckl2185@163.com,1992/8/8 0:00,a,0,\N
639,卫春萍,男,10117639899,2746890883,rj2911@sina.com,1984/6/2 0:00,a,0,\N
640,杨宏艳,女,16218546628,7854133010,fcep6787@sohu.com,1988/3/20 0:00,a,0,\N
641,华春竹,男,15429864525,3828171702,tbzpt2177@sohu.com,1988/1/31 0:00,a,0,\N
642,窦凤美,女,19628796577,8893733534,gbwda5175@qq.com,1996/12/5 0:00,a,0,\N
643,魏肇琪,男,18408343195,4109024932,zekd9909@sohu.com,1998/8/10 0:00,a,0,\N
644,王美琳,男,17315675020,9102198187,ikbsm6233@sohu.com,2001/7/14 0:00,a,0,\N
645,郑迎春,女,16730764508,6580551705,ulsukq7521@sina.com,1984/1/20 0:00,a,0,\N
646,周妍,男,14449241161,3646844422,gnaa3051@sina.com,1988/10/3 0:00,a,0,\N
647,姜燕,女,10277575850,3318947082,ysjppufh63@qq.com,1984/9/4 0:00,a,0,\N
648,张庆黎,男,15216277837,3564724800,pywm1258@qq.com,2007/6/17 0:00,a,0,\N
649,冯采绿,男,15004053711,9416130172,siixr2330@sohu.com,1996/11/23 0:00,a,0,\N
650,张梓涵,女,16204080581,8970661596,uychc1164@sina.com,1985/12/31 0:00,a,0,\N
651,孙雪,男,17788936495,8355775331,pjni2841@163.com,2003/1/29 0:00,a,0,\N
652,钱灵竹,女,16854559183,7929318233,oa8180@163.com,2001/11/4 0:00,a,0,\N
653,吕琦,男,10072119832,397052831,vqgb5720@sina.com,1990/7/27 0:00,a,0,\N
654,金溶艳,男,13551151752,6303802252,izjyme9450@sohu.com,2006/11/7 0:00,a,0,\N
655,沈倩,女,10593914389,8028724972,faelm7561@sina.com,1995/4/9 0:00,a,0,\N
656,桑梦娇,男,16401051282,6393381983,flgxhys4994@sohu.com,1982/6/20 0:00,a,0,\N
657,秦秋,女,10048366189,5056131061,vqvn8649@sina.com,1999/10/25 0:00,a,0,\N
658,杨春竹,男,10275244712,4672746621,bnxhw116@163.com,2003/7/11 0:00,a,0,\N
659,姜兴,男,12963139414,8383322186,qlq540@sohu.com,2007/11/21 0:00,a,0,\N
660,戚丹,女,14168864488,1445316882,msmp6103@163.com,1992/7/18 0:00,a,0,\N
661,韩小珍,男,14618461728,4053174243,ksyharv7836@sohu.com,1986/9/22 0:00,a,0,\N
662,张海燕,女,15444352626,7723120939,fkup2589@qq.com,2008/6/22 0:00,a,0,\N
663,孙晓,男,13317632079,1607685136,dwsu5742@sina.com,2001/8/18 0:00,a,0,\N
664,魏程悦,男,18019937276,7145777814,scimtf4415@sina.com,1991/2/14 0:00,a,0,\N
665,褚娣,女,10821591019,3331169598,zapsjjzj8569@sina.com,1988/7/4 0:00,a,0,\N
666,赫连慧,男,16065921783,3250957919,rqr3954@sohu.com,1983/4/10 0:00,a,0,\N
667,姜晶,女,16260053515,7438732562,zggvz3707@163.com,1989/9/28 0:00,a,0,\N
668,卫昌玉,男,17271286249,4908967936,rlpe506@sina.com,1989/5/24 0:00,a,0,\N
669,魏聪,男,11331704258,6772559532,erj8590@qq.com,2007/2/9 0:00,a,0,\N
670,冯月珍,女,12243101596,5233904717,esng6911@sina.com,2002/9/4 0:00,a,0,\N
671,赵永珍,男,17105955481,7068499874,eqer89@163.com,1988/10/15 0:00,a,0,\N
672,郑亦瑶,女,19101256132,1783830395,esaee4648@qq.com,1984/12/12 0:00,a,0,\N
673,冯佳,男,15238767266,1355506481,gznqx3079@qq.com,2005/10/29 0:00,a,0,\N
674,沈婕,男,14830994606,8362518398,ty594@163.com,1993/10/27 0:00,a,0,\N
675,冯灿怡,女,18915030360,9550322743,vehof3071@sina.com,2006/1/25 0:00,a,0,\N
676,康问筠,男,17455769777,1235327544,azl575@qq.com,1985/11/5 0:00,a,0,\N
677,许黛,女,11330011487,4810095254,ruex7156@sohu.com,1986/8/6 0:00,a,0,\N
678,唐兴,男,15592906475,5071498911,gmartvyz2752@sohu.com,2003/1/18 0:00,a,0,\N
679,魏迎春,男,12022361159,705138203,pkusoabj6383@sina.com,1990/7/6 0:00,a,0,\N
680,杨梅香,女,14454578161,6425687668,vqxm1941@sohu.com,1998/10/6 0:00,a,0,\N
681,戚静欣,男,13871183991,5774642878,ljoi7608@sohu.com,1985/10/19 0:00,a,0,\N
682,杨琳,女,19856595993,5070919555,godz2890@sohu.com,2001/8/7 0:00,a,0,\N
683,褚洪丽,男,16069671511,4527673233,ezfjez9231@qq.com,2005/7/21 0:00,a,0,\N
684,褚冰露,男,14297510385,5995669196,lxjbeb1131@sina.com,2002/5/27 0:00,a,0,\N
685,周有菊,女,10887797474,6451905937,qjbk2053@sohu.com,1994/11/2 0:00,a,0,\N
686,郑春竹,男,11670525074,7377504944,ubop1016@qq.com,1989/1/30 0:00,a,0,\N
687,何黄萍,女,14536575675,7092770861,ocf9257@sohu.com,2001/4/13 0:00,a,0,\N
688,赵凌旋,男,19670723676,2345782424,ax2276@sohu.com,1995/9/7 0:00,a,0,\N
689,李丹,男,14946380257,7765345423,zmriv9229@sina.com,1986/11/11 0:00,a,0,\N
690,施娣,女,11460108757,4845876483,wknkwg292@sina.com,1986/4/28 0:00,a,0,\N
691,朱灿灿,男,11771828532,2961593752,dmwyv6248@qq.com,1997/11/25 0:00,a,0,\N
692,赵海燕,女,10652953386,2417548728,lekh4743@sohu.com,2007/1/15 0:00,a,0,\N
693,赵青,男,16435726284,7015379075,pwp9543@163.com,1997/12/20 0:00,a,0,\N
694,秦美娟,男,16183965206,1199785330,cmrwx4867@sina.com,2006/5/20 0:00,a,0,\N
695,魏雪,女,12524575591,4087865304,bz1485@sohu.com,2000/12/24 0:00,a,0,\N
696,沈柔,男,16121762990,974767292,ruxil2790@163.com,1987/10/23 0:00,a,0,\N
697,吕瑞,女,19348145127,8035621223,hx6617@qq.com,1994/5/8 0:00,a,0,\N
698,严妙海,男,11990165710,563372869,ivpevi4868@sina.com,1984/6/6 0:00,a,0,\N
699,施妍,男,13975602984,1224158241,wzufic2797@163.com,1990/11/3 0:00,a,0,\N
700,施英,女,17659794092,6384739318,pzxx5269@sina.com,2004/9/27 0:00,a,0,\N
701,窦远琴,男,19560711979,3849150132,gyys1382@sina.com,1997/10/10 0:00,a,0,\N
702,施开凤,女,19372484683,9492418677,pwujl5489@qq.com,1986/1/13 0:00,a,0,\N
703,李松,男,10268587470,7828100707,uwvu3716@sina.com,1984/7/31 0:00,a,0,\N
704,王春燕,男,15961016416,8899549750,nlys4911@163.com,1998/4/4 0:00,a,0,\N
705,尤梅香,女,15616517663,1824732849,kkxe8908@qq.com,1994/10/24 0:00,a,0,\N
706,孔雪倩,男,10826649665,1505625993,qjl9542@sina.com,2005/11/8 0:00,a,0,\N
707,姜明露,女,19541346430,6468679859,t6282@sina.com,2001/1/5 0:00,a,0,\N
708,蒋光兰,男,19736977815,1437296489,dhjy250@sina.com,1985/1/1 0:00,a,0,\N
709,华迎曼,男,12005918622,1333097541,zclk8530@sohu.com,1997/6/23 0:00,a,0,\N
710,孙莉,女,11006591320,4115784688,jl4523@sohu.com,2003/12/19 0:00,a,0,\N
711,吕秋,男,13457087874,7732432964,ttk4896@163.com,1986/5/1 0:00,a,0,\N
712,卫蓉,女,17123054265,2863317116,znxorl1364@qq.com,1983/12/7 0:00,a,0,\N
713,姜玉晶,男,14947786927,3903173344,tb1946@sina.com,1999/7/7 0:00,a,0,\N
714,吕山柳,男,19380693435,8361111730,jywy3070@163.com,2008/12/25 0:00,a,0,\N
715,施平夏,女,19235660433,1629745985,beim5344@163.com,1988/6/27 0:00,a,0,\N
716,蒋念,男,19584699869,3771493106,pf8381@qq.com,2003/1/8 0:00,a,0,\N
717,吴珍,女,10670760273,5878347703,huyk6755@163.com,1996/4/29 0:00,a,0,\N
718,曹红,男,15388042926,836469157,wkkwl8266@sina.com,1985/11/15 0:00,a,0,\N
719,杨聪,男,14184803366,1501059686,xpcm7368@sohu.com,1988/1/28 0:00,a,0,\N
720,冯月,女,18323696851,4765461553,xg2180@sohu.com,1998/10/12 0:00,a,0,\N
721,鲁嘉,男,16194491982,3572711219,cmwgc601@qq.com,1992/3/20 0:00,a,0,\N
722,穆娜,女,16094679832,8224569546,rvp8907@qq.com,2001/8/30 0:00,a,0,\N
723,李亚萍,男,12731396555,423163215,jfxphfl7978@sohu.com,1983/11/28 0:00,a,0,\N
724,戚翠安,男,13184405565,7239874381,nxkp4200@sohu.com,1986/4/26 0:00,a,0,\N
725,李小珍,女,12610900998,927299989,hn6538@sina.com,1992/11/27 0:00,a,0,\N
726,陶彤,男,16349847316,4327318976,vasm4789@qq.com,1989/9/16 0:00,a,0,\N
727,卫美丽,女,15952710509,115415205,wl3898@163.com,1993/1/30 0:00,a,0,\N
728,施太红,男,14060014486,6661655068,zhpujp8541@sohu.com,1999/8/21 0:00,a,0,\N
729,周青槐,男,10865421891,9666345453,fgcbgx7050@sohu.com,1996/11/29 0:00,a,0,\N
730,姜冬儿,女,11442241668,9596967504,rnubj772@163.com,1991/7/21 0:00,a,0,\N
731,秦肇琪,男,13607656359,2346002364,ue5520@sohu.com,1983/11/29 0:00,a,0,\N
732,秦乐之,女,14798790216,8351232866,algxipt2151@sohu.com,1983/3/9 0:00,a,0,\N
733,钱子涵,男,10038254857,1953571736,wfvh7272@qq.com,1984/3/4 0:00,a,0,\N
734,赵菜玲,男,12256262302,3167447127,qa4718@sohu.com,2003/10/30 0:00,a,0,\N
735,严开萍,女,18668035864,2838195571,rwphp2083@163.com,2006/7/3 0:00,a,0,\N
736,蒋琼琼,男,19610327482,5763814513,pyml4399@sohu.com,1990/1/9 0:00,a,0,\N
737,沈春燕,女,18125615715,5548350494,lrec5096@sohu.com,2004/7/20 0:00,a,0,\N
738,卫翠红,男,12928261756,7385537258,refnfgao7680@sohu.com,1993/12/12 0:00,a,0,\N
739,杨晶,男,14349791407,7676583467,lc1635@qq.com,1995/11/2 0:00,a,0,\N
740,许芳,女,11971799135,1270613459,skmdg1279@sohu.com,1987/11/20 0:00,a,0,\N
741,尤沛文,男,15320985913,1462053253,zgdn9159@qq.com,1999/9/2 0:00,a,0,\N
742,魏敏,女,11002795696,4842197688,rzxqp1112@qq.com,1988/11/26 0:00,a,0,\N
743,钱晓磊,男,13644255995,2213353552,yvub6723@sohu.com,2005/12/14 0:00,a,0,\N
744,李琳,男,16034206151,9440096580,du2976@qq.com,1990/10/6 0:00,a,0,\N
745,何巧丽,女,19796362519,4114221259,fryk8935@sina.com,1986/3/28 0:00,a,0,\N
746,何蓓,男,10088872909,7903749058,nqptt4586@qq.com,1991/12/8 0:00,a,0,\N
747,褚安琪,女,11349403262,2474490777,oeom654@163.com,2002/3/15 0:00,a,0,\N
748,谢静,男,10528627634,2819288401,goql5629@sina.com,1988/2/12 0:00,a,0,\N
749,郝之瑶,男,15983508229,3988872817,zks3550@qq.com,2004/12/29 0:00,a,0,\N
750,孔念,女,15016205310,743180829,fvx5297@sohu.com,2005/3/1 0:00,a,0,\N
751,施安琪,男,18601097464,9066073636,gncn3536@sohu.com,1993/11/17 0:00,a,0,\N
752,魏莎莎,女,15172470808,214932809,iwkzzro6124@sohu.com,2003/8/18 0:00,a,0,\N
753,曹玉凤,男,15355201363,2790718135,lbbayoo8266@sina.com,1992/12/3 0:00,a,0,\N
754,陈黄萍,男,19491457939,3871336747,brpe9189@qq.com,1982/4/17 0:00,a,0,\N
755,沈安琪,女,19904343485,3580527764,webgr919@163.com,1995/12/16 0:00,a,0,\N
756,赵夏梅,男,19575721025,7474802277,xicq7240@sina.com,1989/6/28 0:00,a,0,\N
757,孔妍,女,19706485867,1101421671,jfgom1492@163.com,2002/3/27 0:00,a,0,\N
758,冯发弟,男,16254498958,1168237815,zbxmc1029@163.com,1985/11/26 0:00,a,0,\N
759,华可,男,12664536833,7502817028,hjh9070@sohu.com,1985/4/21 0:00,a,0,\N
760,金念,女,14647191762,768964580,eeu6533@sohu.com,1995/4/15 0:00,a,0,\N
761,周松,男,16935921311,8535841975,jte9241@qq.com,1987/5/10 0:00,a,0,\N
762,秦寒雁,女,19734649658,9414262761,pjuiwse3270@sohu.com,1995/9/12 0:00,a,0,\N
763,钱花娥,男,19218713641,3616772120,mnkdf3319@163.com,1993/12/1 0:00,a,0,\N
764,魏婷,男,16500774621,2370957016,pkom8073@sohu.com,2001/5/2 0:00,a,0,\N
765,沈胜敏,女,19326832890,6398319031,yqfz2947@163.com,1985/11/21 0:00,a,0,\N
766,尤珊,男,11206934452,321476005,layegd2038@sohu.com,2009/2/19 0:00,a,0,\N
767,尤琦,女,11366800665,9911266654,zyi5409@sohu.com,2006/5/11 0:00,a,0,\N
768,华凯敏,男,12861689329,8939108121,tmf9129@163.com,2007/5/4 0:00,a,0,\N
769,魏瑶,男,14328561425,2838869103,veg3478@sina.com,1992/4/7 0:00,a,0,\N
770,冯珊,女,16448330879,5064773130,ziecjg5287@sina.com,1990/9/28 0:00,a,0,\N
771,蒋彤,男,17402865290,5986540754,tgvt8042@qq.com,2004/6/17 0:00,a,0,\N
772,朱金玫,女,11972733736,2297776891,rgmsctj26@qq.com,1993/10/28 0:00,a,0,\N
773,吕枫,男,17837713360,509467078,ye976@sina.com,1998/7/7 0:00,a,0,\N
774,严滢,男,15894019603,1313243850,umbnvv1078@qq.com,1988/6/23 0:00,a,0,\N
775,朱欣怡,女,11646365523,1960382156,slzeysmi4348@qq.com,2005/4/15 0:00,a,0,\N
776,郑昌菊,男,14000533819,2718549499,ojoxc7409@sohu.com,1984/1/29 0:00,a,0,\N
777,戚世群,女,19979410767,6720286311,olr9099@sohu.com,1985/7/20 0:00,a,0,\N
778,周佳玲,男,17293634414,2761332478,awu1051@163.com,2004/11/2 0:00,a,0,\N
779,李宛海,男,16473399996,9874404794,wlfq5749@163.com,1994/6/18 0:00,a,0,\N
780,华颖,女,14941793680,4701553517,rlzaz128@qq.com,1982/11/18 0:00,a,0,\N
781,褚成龙,男,13388541340,6095975965,hrpzaoi8404@163.com,1987/2/9 0:00,a,0,\N
782,王铠沣,女,10867512226,1160145897,nvavn8175@sina.com,2006/1/22 0:00,a,0,\N
783,孙欣,男,16847957968,7600334898,clgig7224@sohu.com,1992/7/11 0:00,a,0,\N
784,陈倩,男,13029545545,5256679629,dwkia4355@163.com,1982/11/22 0:00,a,0,\N
785,秦啟倩,女,13991008400,5731865859,smam8818@sina.com,1991/11/15 0:00,a,0,\N
786,褚如霜,男,16962943077,848669024,nr1005@163.com,1991/8/13 0:00,a,0,\N
787,冯媛元,女,17353169322,5246194586,nia902@163.com,2005/5/12 0:00,a,0,\N
788,酆丽丽,男,17639399766,4684830854,yzb1343@163.com,1996/10/23 0:00,a,0,\N
789,金天春,男,14284980893,2850248810,hjcv7662@qq.com,1987/5/15 0:00,a,0,\N
790,卫茜,女,16210420131,5785027785,ktib4522@sina.com,2006/6/20 0:00,a,0,\N
791,张蓉,男,11722554564,4062592960,ltgf5946@sohu.com,1997/1/26 0:00,a,0,\N
792,施铠沣,女,10695794820,9859169266,uovh620@qq.com,1986/6/8 0:00,a,0,\N
793,施彩艳,男,19122143387,4956610477,wmpjib7238@163.com,1984/12/14 0:00,a,0,\N
794,陶明红,男,12179889678,9077749578,rjwyvpt3474@163.com,1986/3/29 0:00,a,0,\N
795,吴元群,女,14871274828,7848964696,wmex6682@sohu.com,2000/6/16 0:00,a,0,\N
796,尤莉莎,男,10578247308,6400207,ky5703@qq.com,1982/5/7 0:00,a,0,\N
797,钱红萍,女,13988946080,2495906704,jjskfxom4767@qq.com,1986/12/26 0:00,a,0,\N
798,施娟,男,16537001132,5017001247,zwpgv7699@163.com,2001/5/21 0:00,a,0,\N
799,金红,男,17427381873,6859836142,zbfg7649@qq.com,1999/9/30 0:00,a,0,\N
800,支南莲,女,18527601957,4987944012,ullg5919@163.com,1993/11/8 0:00,a,0,\N
801,杨兴,男,15787854790,4008778364,mhphlj5287@sina.com,1990/2/28 0:00,a,0,\N
802,卫欣,女,16699357032,3605824546,coer9626@qq.com,1995/2/4 0:00,a,0,\N
803,王敏茹,男,12763068079,4211048908,hufvx3543@sina.com,1983/9/10 0:00,a,0,\N
804,王寻南,男,17552281618,6081285223,vjoxu2688@qq.com,1992/6/19 0:00,a,0,\N
805,顾卿,女,16118600964,3787833703,p9299@sohu.com,1993/8/20 0:00,a,0,\N
806,陈程燕,男,15992763042,7591409111,yvibr412@qq.com,2001/2/21 0:00,a,0,\N
807,鲁名媛,女,16525916457,4786020962,ifoc1009@163.com,1986/4/6 0:00,a,0,\N
808,桂惜雪,男,13834537267,9261149310,qymkxm8908@sohu.com,2000/1/10 0:00,a,0,\N
809,秦世群,男,17059431672,2033878186,nrej2785@sina.com,1985/5/11 0:00,a,0,\N
810,华晶,女,16307477951,1996352927,uus524@sohu.com,2008/5/14 0:00,a,0,\N
811,陈梦娇,男,18670150637,6642005225,qpl5372@sohu.com,1995/5/19 0:00,a,0,\N
812,孔平夏,女,10636698007,980796892,yli4711@qq.com,2001/1/14 0:00,a,0,\N
813,周远琴,男,19448359608,7512161835,irutinao3500@163.com,1997/5/25 0:00,a,0,\N
814,秦欣怡,男,13254463672,6149860298,kslijp1359@qq.com,2003/2/3 0:00,a,0,\N
815,沈朱娇,女,17987884879,4916335659,qekh6311@sina.com,1986/10/4 0:00,a,0,\N
816,章梦,男,14707421064,6453215450,gmhmy2353@163.com,1993/7/3 0:00,a,0,\N
817,华灿灿,女,13664413094,2708664079,zmclkf7716@sohu.com,2003/2/10 0:00,a,0,\N
818,崔敏,男,13821635246,8219057314,fk4086@qq.com,2007/7/16 0:00,a,0,\N
819,华娇娇,男,19140374064,8232660868,lglbt3655@163.com,1985/6/13 0:00,a,0,\N
820,曹欣阳,女,15187941789,432458550,cof9364@qq.com,2006/6/16 0:00,a,0,\N
821,周咏,男,12908886075,1486286093,p5969@qq.com,1987/7/22 0:00,a,0,\N
822,王红,女,16530110836,2240204822,qjfrya6470@sohu.com,1992/10/30 0:00,a,0,\N
823,许凌旋,男,12189263701,7607225188,hoycuff4994@qq.com,1995/5/8 0:00,a,0,\N
824,冯欢,男,15018323659,494802562,uphwu9752@163.com,1986/3/6 0:00,a,0,\N
825,何啟倩,女,18986588120,9241140647,ttjnxp607@qq.com,2003/11/15 0:00,a,0,\N
826,吴晓磊,男,14090461730,7649928893,fxnpt9454@163.com,1986/3/11 0:00,a,0,\N
827,郑招弟,女,14627839922,7855087279,jkgdtm8776@sina.com,1982/4/19 0:00,a,0,\N
828,朱芸,男,14843708276,2820060876,tm1096@qq.com,2005/3/25 0:00,a,0,\N
829,尤丽,男,10587094426,5558819443,enf9043@qq.com,1997/2/18 0:00,a,0,\N
830,朱缘双,女,18558962345,1316538791,fkgsx637@sina.com,2001/6/27 0:00,a,0,\N
831,许红,男,15912279486,1496396223,znokya1801@sohu.com,1984/11/21 0:00,a,0,\N
832,许美琳,女,19420565366,472815623,bizwyx5448@sina.com,2008/12/11 0:00,a,0,\N
833,李婷,男,14065995812,9370577964,zuv3476@qq.com,1998/6/6 0:00,a,0,\N
834,韩眉,男,18993840217,2071192444,bmigm4622@sohu.com,2002/7/27 0:00,a,0,\N
835,秦春萍,女,14492899775,5162605116,qu4279@sohu.com,1998/11/2 0:00,a,0,\N
836,何清怡,男,16522942781,4183646892,leopd6771@sohu.com,1994/1/1 0:00,a,0,\N
837,郑山柳,女,16726148724,6609657816,byjut8020@sohu.com,1987/6/19 0:00,a,0,\N
838,孔英,男,11611526012,7739209409,jdez4693@qq.com,1995/7/1 0:00,a,0,\N
839,吴丽,男,17345408797,8502772159,shan6733@sohu.com,1983/4/5 0:00,a,0,\N
840,秦阳涌,女,18348716497,5630419451,imizz5503@sohu.com,2001/6/26 0:00,a,0,\N
841,尤眉,男,12598925232,367486572,sqatc1478@163.com,1997/1/10 0:00,a,0,\N
842,周媛,女,12442903518,4671311342,xgekq4524@qq.com,2008/12/25 0:00,a,0,\N
843,施火英,男,12002155184,5589779257,iuzxgij5477@sina.com,1997/12/9 0:00,a,0,\N
844,秦莉,男,15425840616,3219506964,car6650@sina.com,1997/2/14 0:00,a,0,\N
845,吴名媛,女,10725463032,3549935115,ytwo349@163.com,2001/9/4 0:00,a,0,\N
846,吴念梅,男,12489559650,9774829970,tcqdwiod4596@sohu.com,2000/2/26 0:00,a,0,\N
847,沈迎春,女,11083378195,8826568108,dtoc8441@sohu.com,2008/6/22 0:00,a,0,\N
848,戚夏青,男,13018597364,367043710,ygxls6036@sina.com,2007/12/20 0:00,a,0,\N
849,陈媛元,男,15937915444,4033602482,zni5195@sina.com,2000/10/11 0:00,a,0,\N
850,姜文倩,女,15380034446,5045022555,bztylm4591@qq.com,1990/3/1 0:00,a,0,\N
851,周春喜,男,19328457713,5352433799,tgdv3597@sohu.com,1989/10/10 0:00,a,0,\N
852,朱沛文,女,10033847093,6280173802,xgo3804@qq.com,1995/3/27 0:00,a,0,\N
853,李子涵,男,12140701413,2322028208,zmeqxj7805@163.com,1990/2/9 0:00,a,0,\N
854,戚佳玲,男,17526071071,4596254864,pbflnpl922@163.com,2006/2/9 0:00,a,0,\N
855,卫易梦,女,13127164244,5949225900,tuhpf5706@sina.com,1992/12/23 0:00,a,0,\N
856,褚宁,男,10427278280,9238327907,uj9867@sohu.com,2001/2/1 0:00,a,0,\N
857,秦粤,女,18091755509,1701952172,ftagur183@sohu.com,2004/3/24 0:00,a,0,\N
858,秦秀娟,男,10778865814,4193301643,opqkx7248@163.com,1983/1/25 0:00,a,0,\N
859,周欣怡,男,12550908923,6447637057,goop2486@sohu.com,2003/10/20 0:00,a,0,\N
860,孙明露,女,17109657526,2374447461,fyei9162@sohu.com,1996/1/10 0:00,a,0,\N
861,何光桃,男,15683777928,899571936,yhhlqx3570@qq.com,2008/7/17 0:00,a,0,\N
862,喻涛,女,17585318088,3282574576,ggyec8364@sina.com,1984/10/18 0:00,a,0,\N
863,陶文涛,男,15883993506,1633439085,dhg8761@163.com,2003/11/24 0:00,a,0,\N
864,陈翠花,男,18353079557,1956216392,nvqplx3782@163.com,1993/7/29 0:00,a,0,\N
865,魏眉,女,10725484490,9236777591,uwuwt4937@sohu.com,2001/9/7 0:00,a,0,\N
866,秦萍,男,18644280433,9523367762,py8980@sohu.com,1986/6/14 0:00,a,0,\N
867,秦晓磊,女,16654860377,1653716565,rueso7130@sohu.com,1995/12/7 0:00,a,0,\N
868,孙娇娇,男,16697217226,8167350336,rnqhmwxs8971@sina.com,1996/3/20 0:00,a,0,\N
869,魏霄,男,16222856640,4287444105,lcniq4963@sohu.com,1987/3/25 0:00,a,0,\N
870,魏红,女,13062808513,5819140681,ylow8306@163.com,1991/6/18 0:00,a,0,\N
871,沈竹,男,13167342543,923147933,gmz6473@qq.com,1997/6/13 0:00,a,0,\N
872,严佳丽,女,10355571508,8388843359,epqczp2721@qq.com,1989/8/31 0:00,a,0,\N
873,施荷,男,18160391449,2033611157,ohxaov7926@163.com,2001/5/5 0:00,a,0,\N
874,苍有菊,男,11012411117,9848708661,qweew8006@sohu.com,1993/10/15 0:00,a,0,\N
875,冯访琴,女,10531913638,9530224077,wqk1258@sina.com,1994/4/15 0:00,a,0,\N
876,姜思,男,17121721506,2980192170,cramgj8528@qq.com,1984/4/30 0:00,a,0,\N
877,阙菜玲,女,13782351613,9521780492,wc1108@sina.com,2002/2/25 0:00,a,0,\N
878,戚向萍,男,18885300159,6097560851,dbre7026@sohu.com,1982/10/16 0:00,a,0,\N
879,郑之山,男,15196937918,7143544430,bric6603@sohu.com,1983/4/8 0:00,a,0,\N
880,赵之山,女,10775574445,3560647847,wlp4718@sina.com,2008/10/2 0:00,a,0,\N
881,朱梅梅,男,12374015450,19190755,xcuo396@qq.com,1997/7/14 0:00,a,0,\N
882,陈黛,女,16950640678,389055683,ys2870@sina.com,2006/11/8 0:00,a,0,\N
883,吕苑,男,11979920268,9418000564,zx5101@sina.com,1993/1/12 0:00,a,0,\N
884,蒋世兰,男,19989615678,3790495048,pxg592@163.com,2001/8/17 0:00,a,0,\N
885,姜芳,女,18542926907,669979842,denae7029@sina.com,1984/2/19 0:00,a,0,\N
886,郑乐之,男,19510800838,6915683850,whw3472@sina.com,2006/8/22 0:00,a,0,\N
887,胡含玉,女,13598756194,6901087283,jikpp7453@163.com,2008/9/26 0:00,a,0,\N
888,谢融,男,19735158681,2652278737,zhjimj1628@163.com,1989/2/1 0:00,a,0,\N
889,赵玉婷,男,18000145554,2651524739,qbxk6022@sohu.com,2002/5/25 0:00,a,0,\N
890,魏胜珍,女,17557601928,7770358765,eldqs6242@qq.com,1984/5/29 0:00,a,0,\N
891,姜招弟,男,12702981829,6439111217,fvxkk8268@sina.com,2000/2/28 0:00,a,0,\N
892,钱尔珍,女,15188595056,232058398,xtwq812@163.com,1988/9/10 0:00,a,0,\N
893,郑茜,男,15841496586,3830648869,rvwwg7778@sina.com,1986/5/5 0:00,a,0,\N
894,赵丹珍,男,13928568363,4977614537,pywv6014@qq.com,1999/6/21 0:00,a,0,\N
895,冯枫,女,16405023932,5083466916,rvmk3475@qq.com,2006/3/11 0:00,a,0,\N
896,戚光兰,男,18137644529,6000649756,xrjpb3976@163.com,2006/10/13 0:00,a,0,\N
897,敖竹,女,17328820824,3919876933,ryj434@sohu.com,1997/2/13 0:00,a,0,\N
898,严思,男,10963177680,5024871436,wjjjb4344@qq.com,2006/5/22 0:00,a,0,\N
899,尤红燕,男,13311449885,6496870444,ykgb5558@sohu.com,2007/6/29 0:00,a,0,\N
900,褚凌旋,女,15887604951,9594903993,gcgul9315@sina.com,2003/1/29 0:00,a,0,\N
901,魏笑白,男,11171224713,2133687256,cquxrz7490@qq.com,1996/6/13 0:00,a,0,\N
902,赵凡,女,10659110546,5893698864,goifaz6381@qq.com,1997/10/3 0:00,a,0,\N
903,施融,男,13054217696,9859620473,nkz4497@sohu.com,2003/2/5 0:00,a,0,\N
904,郑小珍,男,12667602300,4098934471,mkccqfx2563@sina.com,1987/11/1 0:00,a,0,\N
905,韩莉莎,女,15306330323,7344751629,4263@163.com,1999/4/11 0:00,a,0,\N
906,杨夏青,男,17328500747,6591055821,nulu8133@sina.com,1992/6/3 0:00,a,0,\N
907,陶淑芬,女,18321925997,1275856874,yiauy3916@sina.com,1984/12/1 0:00,a,0,\N
908,孔梦,男,13536840677,1825350949,spz955@sohu.com,2006/11/18 0:00,a,0,\N
909,陶枫,男,15181525349,740222653,wsn7515@sina.com,1988/1/12 0:00,a,0,\N
910,蒋含玉,女,12754185199,9180538877,bixlzj1274@sohu.com,1994/4/29 0:00,a,0,\N
911,李红燕,男,19391064047,7679756815,ta5321@sina.com,1996/5/13 0:00,a,0,\N
912,奚翠,女,10790852308,2596541298,jrthg6576@sina.com,1993/7/18 0:00,a,0,\N
913,褚琴,男,14535213112,977918587,kzhad7735@sina.com,1987/9/22 0:00,a,0,\N
914,何幻波,男,13845953941,3313647638,rgem9880@sina.com,2000/1/18 0:00,a,0,\N
915,褚媛元,女,11157261729,3241878353,itlrajy1140@sina.com,1987/3/3 0:00,a,0,\N
916,吴金花,男,12867747545,4525910725,xmdvao9776@sohu.com,1997/2/19 0:00,a,0,\N
917,严秀芳,女,18678062558,1842635682,zhw6853@sina.com,2007/1/13 0:00,a,0,\N
918,孔亦瑶,男,12796800136,3260997716,zhqkt2279@sohu.com,1997/12/16 0:00,a,0,\N
919,吴叶,男,12666539549,8275311525,fbcjfd4650@qq.com,2004/12/31 0:00,a,0,\N
920,何之柔,女,15754464864,7299128491,dbsyofs2425@sohu.com,1994/10/9 0:00,a,0,\N
921,卫元珊,男,10274258255,2402368036,efnb7344@163.com,1992/5/1 0:00,a,0,\N
922,陈蓓,女,19739170074,7443611198,jhzg4150@sina.com,1987/11/8 0:00,a,0,\N
923,姜虹霖,男,19146558642,642016947,xkhzkb4001@sina.com,1998/4/25 0:00,a,0,\N
924,韩晶,男,16893020868,7955382126,maf7651@163.com,1989/1/10 0:00,a,0,\N
925,朱洪丽,女,17622750401,9664554931,hqk677@163.com,1995/5/5 0:00,a,0,\N
926,李迎曼,男,17901213169,464164613,umye3455@sohu.com,1987/10/12 0:00,a,0,\N
927,王文倩,女,16537870764,9658981902,hkjpe941@163.com,1986/2/9 0:00,a,0,\N
928,姜功碧,男,11586760282,9168619152,eacc7768@sina.com,2000/2/16 0:00,a,0,\N
929,严夏青,男,15438504815,3732365676,ndhs2862@qq.com,1989/8/28 0:00,a,0,\N
930,施柳,女,11263031959,7638184405,xzey3519@qq.com,1984/10/13 0:00,a,0,\N
931,章明珠,男,18525168299,2504583940,bqt2026@qq.com,2006/10/16 0:00,a,0,\N
932,韩丽丽,女,11906605958,28816299,vhgc6348@sina.com,2005/6/4 0:00,a,0,\N
933,卞苑,男,18133752942,5460881957,wbui152@sina.com,1994/12/15 0:00,a,0,\N
934,吴灿怡,男,14712932109,2025389897,tyfsnk1102@qq.com,2000/9/6 0:00,a,0,\N
935,韩江霞,女,16068534255,3124721965,ixb6077@qq.com,1988/10/21 0:00,a,0,\N
936,费香薇,男,18097308874,9323176226,bykjb5946@sohu.com,1987/4/2 0:00,a,0,\N
937,沈晶,女,15599241852,6613417674,azjvf5301@qq.com,2004/7/3 0:00,a,0,\N
938,王蓓,男,16703672409,3960843760,wwff2219@163.com,1992/6/21 0:00,a,0,\N
939,范凡,男,19434692263,3639154834,niqgyr1440@qq.com,1996/12/2 0:00,a,0,\N
940,郑静,女,12483698129,1317481736,bsmh6483@sohu.com,1995/1/21 0:00,a,0,\N
941,施枝,男,11485484242,2517736287,nxsisfk5955@qq.com,1989/4/10 0:00,a,0,\N
942,孔岚,女,14408714771,3086279987,cgfjw4133@sohu.com,1985/5/6 0:00,a,0,\N
943,许朱婷,男,12728256583,8247707450,wmpcuw2485@163.com,1988/4/5 0:00,a,0,\N
944,张翠翠,男,15876930952,4037217500,simp7173@163.com,1990/11/3 0:00,a,0,\N
945,秦太红,女,13984008431,7222285664,uty9360@qq.com,2007/9/17 0:00,a,0,\N
946,姜瑶,男,11378474235,2881309356,vuzgy5813@sohu.com,1991/11/27 0:00,a,0,\N
947,孙醉薇,女,10922982096,9636544352,xkhwbg4745@qq.com,1999/11/27 0:00,a,0,\N
948,张红恋,男,16480742692,48929271,geqfo3106@sohu.com,2008/4/29 0:00,a,0,\N
949,褚政群,男,19108608365,1152500417,fqbmkrv7984@qq.com,1998/6/10 0:00,a,0,\N
950,柏灵竹,女,17696568965,7694682400,ufs9855@sohu.com,1989/5/17 0:00,a,0,\N
951,陶世群,男,19393014311,7884400814,zwmxtn8594@sina.com,1992/11/17 0:00,a,0,\N
952,彭招弟,女,11297696828,9741390606,vag9658@qq.com,1994/12/10 0:00,a,0,\N
953,韩甜,男,16476593613,1266981751,wh8849@sohu.com,2001/5/6 0:00,a,0,\N
954,严桂花,男,12636070251,2275559878,at1929@sina.com,1995/10/4 0:00,a,0,\N
955,李旭,女,15944139361,1868841434,ehhsgdt314@sina.com,2007/9/9 0:00,a,0,\N
956,姜艺,男,10035434961,7106937082,mkeilpl4097@163.com,2004/3/14 0:00,a,0,\N
957,何聪,女,17590039372,3713804809,jalnhek4364@sina.com,2008/8/27 0:00,a,0,\N
958,戚翠花,男,19815752506,3804710742,atz2672@qq.com,2002/3/6 0:00,a,0,\N
959,华冬儿,男,15345034003,3172496232,dkll7016@sina.com,1986/5/3 0:00,a,0,\N
960,沈文倩,女,11512926816,8022628019,dnc1781@163.com,1996/4/27 0:00,a,0,\N
961,尤江霞,男,16617036461,8986743509,nasl7433@163.com,1992/4/12 0:00,a,0,\N
962,唐媛,女,14856343269,6425817606,qlx7696@sohu.com,1996/4/2 0:00,a,0,\N
963,李琦,男,16358515620,2489344239,rwjh5524@sohu.com,1997/10/8 0:00,a,0,\N
964,康谷波,男,12566720247,1031565693,emf8546@sohu.com,1992/11/12 0:00,a,0,\N
965,沈帮菊,女,13672941327,9581532896,gvznj637@sohu.com,1984/5/2 0:00,a,0,\N
966,施谷山,男,15536773204,8276699716,pqxedf7246@qq.com,1996/4/9 0:00,a,0,\N
967,曹艳,女,11272792220,8530924597,hvh8082@163.com,1986/4/27 0:00,a,0,\N
968,曹翠翠,男,19457191228,624092060,jlg6209@sina.com,2002/10/17 0:00,a,0,\N
969,尤幻波,男,10601626038,152108980,ptil7198@163.com,2002/8/28 0:00,a,0,\N
970,王飘,女,14450426101,1020573416,odtqy6431@163.com,2000/11/2 0:00,a,0,\N
971,赵耀文,男,17932712435,9432625145,swiw1266@sohu.com,1992/7/9 0:00,a,0,\N
972,朱芳,女,11774793863,3019082970,rbdul3769@sohu.com,2003/3/10 0:00,a,0,\N
973,沈涛,男,19256728291,166836081,fpopv1395@qq.com,2007/5/19 0:00,a,0,\N
974,李玉婷,男,14161388874,1877270119,qfzfajoh9704@163.com,2001/9/13 0:00,a,0,\N
975,李霭,女,14271015524,6659898521,kbna627@qq.com,1988/9/17 0:00,a,0,\N
976,曹纨,男,18846310377,4445179891,ubuf8217@sina.com,1990/4/12 0:00,a,0,\N
977,卫乐,女,12282901406,9064801674,akptry7790@163.com,1994/1/10 0:00,a,0,\N
978,张姚,男,14860701560,8154531774,fjaak3094@sina.com,1995/9/26 0:00,a,0,\N
979,冯二丫,男,15339581370,1414525749,pio2279@163.com,2000/6/10 0:00,a,0,\N
980,何问筠,女,18641101121,1922039122,yiyhwl6805@sina.com,2002/10/22 0:00,a,0,\N
981,孙子鑫,男,16397064328,3912068732,xzed7000@163.com,1990/3/11 0:00,a,0,\N
982,杨念念,女,14522607326,4279253839,yku2287@qq.com,1998/10/14 0:00,a,0,\N
983,沈凡,男,12840680480,3540857336,wgukra8825@sohu.com,2007/7/26 0:00,a,0,\N
984,戚晓磊,男,19177354574,6541568519,bh8295@sohu.com,1994/8/12 0:00,a,0,\N
985,杨谷波,女,18169651627,9557855571,buye6230@qq.com,1990/4/29 0:00,a,0,\N
986,何元琼,男,11560802459,1328695743,avfux6039@sina.com,1998/3/3 0:00,a,0,\N
987,周红燕,女,17158223986,2932091866,ukmxttb475@sohu.com,2004/7/28 0:00,a,0,\N
988,周怡,男,12428337335,9249211704,lufb9601@qq.com,1998/12/4 0:00,a,0,\N
989,秦灿怡,男,12305863499,1290883190,iwrjm6132@sina.com,1990/6/27 0:00,a,0,\N
990,沈夜白,女,19984686374,9061758860,xcyaq1957@sohu.com,1997/8/17 0:00,a,0,\N
991,王婷婷,男,11889013648,3436492092,uvij4639@sohu.com,1999/10/7 0:00,a,0,\N
992,陈苹,女,10728644132,9125169794,knhcy2919@qq.com,1988/12/9 0:00,a,0,\N
993,杨静,男,12426915764,9995520119,vmvs2910@sina.com,2001/12/9 0:00,a,0,\N
994,苏宛海,男,17055611610,450271977,aavbp6717@sohu.com,2006/9/2 0:00,a,0,\N
995,孔翠翠,女,10873991847,9263648531,xfps6994@163.com,1991/3/17 0:00,a,0,\N
996,郑海莲,男,15680447816,4165660612,esqi9870@sina.com,1986/4/20 0:00,a,0,\N
997,王薇,女,14351289868,9808144761,uhigk2050@qq.com,1998/7/23 0:00,a,0,\N
998,曹含卉,男,13443133831,8710144259,eegdpj8045@163.com,1982/3/9 0:00,a,0,\N
999,姜悦明,男,17729491591,3890750556,anjbl8266@sohu.com,1992/6/25 0:00,a,0,\N
1000,吴莎莎,女,19559749364,4564155411,nxly2193@163.com,1985/2/8 0:00,a,0,\N
1001,杨恩珍,男,11875982880,8273305235,avel8237@163.com,1998/6/2 0:00,a,0,\N
1002,吴佳,女,15881261825,6832735725,jpppr8727@qq.com,2003/3/15 0:00,a,0,\N
1003,吴子涵,男,17878486514,1468784995,vru8992@sohu.com,2005/7/28 0:00,a,0,\N
1004,吕胜敏,男,19222627878,8492653089,eegnsos7694@sina.com,1986/4/23 0:00,a,0,\N
1005,何香薇,女,15057757496,9000006722,jd148@sina.com,1991/4/25 0:00,a,0,\N
1006,施雪梅,男,12324707508,9616005208,jzi3302@sohu.com,1989/3/8 0:00,a,0,\N
1007,陈瑞进,女,13081840872,728832217,jwlbclhx7985@qq.com,1989/6/22 0:00,a,0,\N
1008,魏玉凤,男,12511490583,382931908,jhss3727@163.com,2002/9/2 0:00,a,0,\N
1009,陶静,男,10994392037,6817966305,luxhnf4629@163.com,1999/11/15 0:00,a,0,\N
1010,卫文倩,女,19605135917,8195825831,pted909@sina.com,1992/2/27 0:00,a,0,\N
1011,邹秀丽,男,18469559550,1388299732,kzqd1506@qq.com,2006/9/20 0:00,a,0,\N
1012,戚紫萱,女,17161322832,1707748718,jhklj7389@163.com,1991/10/4 0:00,a,0,\N
1013,沈亦瑶,男,17105930447,5433845317,xinib5733@sohu.com,1984/4/8 0:00,a,0,\N
1014,强太群,男,13587415218,7077197971,crzhlz3252@sina.com,1985/6/4 0:00,a,0,\N
1015,卫南莲,女,12072038054,3057173280,nylhgfl2542@163.com,2008/1/5 0:00,a,0,\N
1016,张晓云,男,12205938100,4262155667,xesorda5509@sohu.com,1998/5/29 0:00,a,0,\N
1017,秦羽,女,16915932297,7587509183,xdxjr7391@qq.com,1983/8/12 0:00,a,0,\N
1018,曹莎莎,男,11825866699,3665519730,ezoyf1938@sina.com,2008/11/29 0:00,a,0,\N
1019,褚亚萍,男,16851312518,6644265431,xfpo5411@sina.com,1999/8/15 0:00,a,0,\N
1020,沈凤美,女,11884227991,5944714429,w134@163.com,2002/11/2 0:00,a,0,\N
1021,韩采绿,男,18332722783,7708284762,veed671@163.com,2004/8/28 0:00,a,0,\N
1022,陈小蝶,女,18720514774,297824905,gyz3896@163.com,1995/5/2 0:00,a,0,\N
1023,左丘玉亭,男,15232309699,8263471670,oxjbcr3626@sina.com,1983/2/18 0:00,a,0,\N
1024,朱景燕,男,12046412229,9038747914,dmwlu7735@sohu.com,1998/6/10 0:00,a,0,\N
1025,孔婷,女,14430642724,7071195193,qtvesc631@sohu.com,1994/6/19 0:00,a,0,\N
1026,沈嘎妹,男,13173336982,8774028454,lsu5451@qq.com,2002/12/28 0:00,a,0,\N
1027,杨桂兰,女,16134096980,5640014001,tuanwek452@163.com,2005/5/12 0:00,a,0,\N
1028,金厚菊,男,19060288667,993609494,bchkztcz385@sina.com,2005/12/27 0:00,a,0,\N
1029,周厚菊,男,16731298565,1453222238,fah1168@163.com,1994/9/4 0:00,a,0,\N
1030,王含玉,女,18744513988,7388219464,hwxn8110@sohu.com,1992/4/5 0:00,a,0,\N
1031,杨桂花,男,14501132369,7016682031,rdnp9327@sina.com,1990/7/3 0:00,a,0,\N
1032,姜芳,女,11217483282,7705879717,gga1454@sina.com,1990/4/6 0:00,a,0,\N
1033,倪章洪,男,10984812378,1289536126,pbwf3872@sina.com,1991/11/5 0:00,a,0,\N
1034,魏飘,男,16308679580,459851625,gcwwxc7813@163.com,1983/10/20 0:00,a,0,\N
1035,施鑫琳,女,13334514498,2560111571,rlpwly4142@qq.com,1987/3/16 0:00,a,0,\N
1036,曹眉,男,12639700174,9300700529,cr3358@qq.com,1983/7/30 0:00,a,0,\N
1037,吕武琴,女,15451071858,4329772897,fwrr9940@sina.com,1984/2/19 0:00,a,0,\N
1038,姜融,男,19211170673,365011194,sxjpfzg4569@sina.com,1985/7/9 0:00,a,0,\N
1039,阮雪倩,男,18223232626,8266990725,ba9668@163.com,1995/9/23 0:00,a,0,\N
1040,罗凌迦,女,19684971570,8412956990,une7461@sohu.com,2004/5/30 0:00,a,0,\N
1041,东郭静,男,11680980324,794279244,udjde1624@sina.com,2003/10/9 0:00,a,0,\N
1042,平倩,女,10924277305,2067692463,eiz4624@qq.com,2008/11/15 0:00,a,0,\N
1043,褚柳,男,14375416636,2370373487,agble3015@sina.com,1992/12/13 0:00,a,0,\N
1044,魏咏,男,19853907823,968556494,gppgv3813@qq.com,1984/5/15 0:00,a,0,\N
1045,严佳,女,17797706723,1030334859,ur7017@sohu.com,2005/6/27 0:00,a,0,\N
1046,吕宏艳,男,15203492641,151030733,tzazpz6810@163.com,2006/2/6 0:00,a,0,\N
1047,何秋荣,女,16149587035,4245850833,dkuinba478@sohu.com,1997/11/5 0:00,a,0,\N
1048,习薇,男,13195947408,9465645489,gazi613@163.com,2000/5/28 0:00,a,0,\N
1049,孔夏雪,男,14277935624,5668432275,ejvc5767@163.com,1998/3/20 0:00,a,0,\N
1050,吕春燕,女,18743762969,8348532778,shigl3357@sina.com,1998/5/20 0:00,a,0,\N
1051,姜茜,男,19085904955,5817869315,n8768@163.com,2002/8/6 0:00,a,0,\N
1052,曹文涛,女,16215606927,8755933694,trgbfqr9975@sohu.com,1984/7/23 0:00,a,0,\N
1053,於丹,男,12233117222,8278524212,arlk9708@sohu.com,1989/2/9 0:00,a,0,\N
1054,冯含玉,男,16335737705,1575384816,nlko986@sina.com,1984/8/8 0:00,a,0,\N
1055,赵小兰,女,14437422156,5465947155,lf7772@sohu.com,2005/12/8 0:00,a,0,\N
1056,吴子鑫,男,18278731107,4325865816,hoocqbq7560@sina.com,1998/3/4 0:00,a,0,\N
1057,秦玉亭,女,14190717339,526268419,pgitjy1570@sina.com,1991/8/13 0:00,a,0,\N
1058,曹瑗,男,18522019386,459617976,drr6798@qq.com,1998/6/24 0:00,a,0,\N
1059,孙紫萱,男,16201331019,4430927838,swtprm6131@qq.com,1990/11/17 0:00,a,0,\N
1060,魏莉,女,10518742799,3077900775,iryx7116@163.com,2000/1/7 0:00,a,0,\N
1061,陶元琼,男,17375467419,9829240016,iob3625@sohu.com,1993/11/17 0:00,a,0,\N
1062,华月,女,11753413677,8373421269,opiqkm4356@qq.com,2006/11/2 0:00,a,0,\N
1063,孙眉,男,10650214552,5721231209,clpv2754@sohu.com,2006/10/5 0:00,a,0,\N
1064,陶静,男,17242892980,6611768415,okkxzpb6274@sina.com,2000/5/12 0:00,a,0,\N
1065,张萍,女,19490614533,9513271341,kdctm9618@sina.com,1998/7/21 0:00,a,0,\N
1066,尤敏茹,男,11045179367,964402055,zxvtam8783@sina.com,1987/10/20 0:00,a,0,\N
1067,许玫,女,18363296389,5519112061,etnyui6739@163.com,1990/1/20 0:00,a,0,\N
1068,孔程燕,男,19838510751,7005723728,drdw4673@qq.com,2008/1/20 0:00,a,0,\N
1069,瞿凌迦,男,16999171376,1468619294,hho748@qq.com,1997/10/1 0:00,a,0,\N
1070,周美琳,女,15133278369,8186754013,dfzha826@qq.com,1990/10/15 0:00,a,0,\N
1071,韩佳丽,男,18757690787,7086896233,llpop5030@sina.com,1997/8/23 0:00,a,0,\N
1072,周如霜,女,13179253339,5097778573,pqtfyx4710@sohu.com,1984/1/2 0:00,a,0,\N
1073,张启英,男,15905166268,1306230178,gdyuf5862@qq.com,1984/11/12 0:00,a,0,\N
1074,陶芯蕊,男,14130625724,8832612609,jkicsjr988@163.com,2001/1/22 0:00,a,0,\N
1075,尤宜,女,17119652628,7173244203,tfh8686@sohu.com,1995/1/27 0:00,a,0,\N
1076,王怡,男,14531356096,1266960890,fbuby3184@163.com,1996/7/2 0:00,a,0,\N
1077,许之山,女,15034893155,6014022044,aim4380@163.com,1992/8/14 0:00,a,0,\N
1078,李亦寒,男,19683339595,7563228063,iyn4600@sina.com,1990/6/17 0:00,a,0,\N
1079,姜夏梅,男,14135827422,4919392182,sbz2904@qq.com,1992/2/4 0:00,a,0,\N