2191,Äß°²ç÷,ÄÐ,10720562338,6403665562,uuwn9990@qq.com,2006/5/14 0:00,a,0,\N
2192,½ðÃÀ¾ê,Å®,10708607435,2206069276,ocmmtb5449@sina.com,2001/12/4 0:00,a,0,\N
2193,Ö£±ÌÏã,ÄÐ,13063197731,4805581995,gouyj1673@163.com,1996/3/1 0:00,a,0,\N
2194,º«·²,ÄÐ,13418250083,3861895381,zencor2753@sohu.com,1993/8/1 0:00,a,0,\N
2195,ºÎÏ§Ñ©,Å®,16971623301,5503381218,bfsilu2202@sohu.com,1988/6/19 0:00,a,0,\N
2196,ÖìÔµË«,ÄÐ,11830912828,6022643848,tpbgx9393@163.com,2000/3/31 0:00,a,0,\N
2197,ÖÜÃ÷ºì,Å®,12569816708,2508681159,okps8939@sohu.com,2006/12/16 0:00,a,0,\N
2198,³Â¶¬¶ù,ÄÐ,18777787685,5794106755,tmqbeud6501@163.com,1990/9/18 0:00,a,0,\N
2199,ÐíÑ©,ÄÐ,11754826903,7082228002,xzyqto2105@sina.com,2004/7/19 0:00,a,0,\N
2200,Æ¤É¯É¯,Å®,17395852804,1659638281,mwjy7163@qq.com,2007/9/28 0:00,a,0,\N
2201,ÂÀæÃ,ÄÐ,18631344437,6977101011,gbpim831@sohu.com,1997/9/24 0:00,a,0,\N
2202,Ðí»Û,Å®,14824161529,750655244,lagq6361@qq.com,1998/1/13 0:00,a,0,\N
2203,ËïÁéÖñ,ÄÐ,13422834277,9627145901,mmoqlid2481@163.com,1991/7/3 0:00,a,0,\N
2204,¿×ÎÊóÞ,ÄÐ,15470443964,4281221982,mugxofw2907@sina.com,1991/6/26 0:00,a,0,\N
2205,Ç®¼§,Å®,17671731114,843305207,rlxpxd9408@sina.com,2003/5/27 0:00,a,0,\N
2206,ñ¼öÎÔÂ,ÄÐ,10410521030,6459184253,luabejkxv7489@sohu.com,1987/5/2 0:00,a,0,\N
2207,ÇØº¬»Ü,Å®,11041197180,3080161577,unl393@163.com,2002/8/7 0:00,a,0,\N
2208,ÍõÜ°Óï,ÄÐ,11983031034,4686354347,druw5965@sohu.com,1982/9/25 0:00,a,0,\N
2209,·ïÏãÞ±,ÄÐ,12530942559,9835417435,wytg6756@sina.com,1982/12/17 0:00,a,0,\N
2210,Ò¦ÔÁ,Å®,15141968727,1360267099,ppjpe8816@163.com,1992/6/5 0:00,a,0,\N
2211,½ªÒÁÆ¼,ÄÐ,11419607996,5244601951,rlfatjpn5614@sina.com,2008/2/5 0:00,a,0,\N
2212,ñÒÐÀç÷,Å®,19629536867,90003982,uehmr6720@qq.com,1983/7/19 0:00,a,0,\N
2213,ÖìÐ¡À¼,ÄÐ,15746210217,433573752,arcakxe9046@163.com,1998/7/28 0:00,a,0,\N
2214,ÍõÐ¢½à,ÄÐ,19531810283,1638579981,hyviy1565@163.com,2005/12/4 0:00,a,0,\N
2215,ÇØÏãÐã,Å®,18643149733,691405306,fenu3937@163.com,2007/5/22 0:00,a,0,\N
2216,ÎâäÞ,ÄÐ,19279712438,7404385420,yngodd9882@qq.com,2000/3/28 0:00,a,0,\N
2217,»ªÎÄÐã,Å®,15333281159,26052435,rusbj6304@sohu.com,1991/8/14 0:00,a,0,\N
2218,½¯ÏþÔÆ,ÄÐ,17657804489,754212446,dgu3754@163.com,1996/6/5 0:00,a,0,\N
2219,ºÎÂ¶,ÄÐ,16103546023,2165309872,toxra1248@163.com,1987/8/4 0:00,a,0,\N
2220,³Â¹ðÀ¼,Å®,13883386850,9020263340,eac640@sohu.com,1999/12/30 0:00,a,0,\N
2221,Ö£ÎÄÌÎ,ÄÐ,13067668080,9565611320,funza5087@163.com,1988/6/4 0:00,a,0,\N
2222,½¯Çï,Å®,12318413257,1473885360,cnbcqnze2698@sohu.com,1992/7/16 0:00,a,0,\N
2223,Ë¾ÇÉÀö,ÄÐ,11030411124,4491149927,cqqfrh9227@sohu.com,2004/1/9 0:00,a,0,\N
2224,º«æÃ,ÄÐ,14876717329,1088154287,jwerb785@163.com,1994/1/8 0:00,a,0,\N
2225,ÓÈÁúæÃ,Å®,15265899300,8725732647,cjfwwc934@qq.com,1988/11/25 0:00,a,0,\N
2226,ÓÈ´ä»¨,ÄÐ,12689051628,402216376,wjfmh6822@sina.com,1999/8/17 0:00,a,0,\N
2227,ÑÏÕÐµÜ,Å®,11522499918,980089386,ebosgl1143@qq.com,1996/11/22 0:00,a,0,\N
2228,ËÕ´ä°²,ÄÐ,11088439226,4299565889,nf7690@qq.com,2005/10/12 0:00,a,0,\N
2229,Ö£Ü¿,ÄÐ,16066768765,3556825405,pd526@sina.com,1994/6/25 0:00,a,0,\N
2230,ÌÕ¿­Ãô,Å®,14478337764,5012952904,cmwm5989@163.com,1996/11/24 0:00,a,0,\N
2231,ËïÔÂ,ÄÐ,16078957915,2335852896,oorm7641@sohu.com,2000/3/26 0:00,a,0,\N
2232,ÀîÖ¦,Å®,10146116018,7168303579,ugv6731@qq.com,2000/8/9 0:00,a,0,\N
2233,ÎâË®ÔÆ,ÄÐ,13212586045,6642495174,ltupzih7385@sina.com,1996/1/10 0:00,a,0,\N
2234,Îº²Ê¾Õ,ÄÐ,12584342956,3180252576,qvsel5814@163.com,1982/7/19 0:00,a,0,\N
2235,ÕÅ¼ÑÀö,Å®,15630571246,8061004431,fkply1405@sina.com,2003/9/22 0:00,a,0,\N
2236,ÇØÀä°²,ÄÐ,12382389307,1811684809,dbrin9082@sohu.com,1982/3/13 0:00,a,0,\N
2237,ñÒÑà,Å®,16330426335,9755821472,lkbljvf7813@sina.com,2008/11/10 0:00,a,0,\N
2238,ÕÂ¾ê,ÄÐ,16250841617,5209891221,fdf4895@163.com,1989/9/13 0:00,a,0,\N
2239,ÑÏÑ°ÎÄ,ÄÐ,18071016669,363203387,whi9667@sohu.com,1994/8/9 0:00,a,0,\N
2240,Ðíº£Ñà,Å®,17241228818,2231770773,bgnfoj8927@163.com,1992/7/26 0:00,a,0,\N
2241,»ªÐ¡Õä,ÄÐ,17713380455,9015582592,urcv5612@sohu.com,2004/7/13 0:00,a,0,\N
2242,ºÎÖ®Äî,Å®,16723561286,8370548328,cnpwjr4944@sohu.com,2004/10/29 0:00,a,0,\N
2243,Öì³ÌÔÃ,ÄÐ,15288111567,561398169,dacdik9539@sohu.com,1983/12/15 0:00,a,0,\N
2244,»ªÀöÀö,ÄÐ,12184182405,5096655622,kxeu5394@sohu.com,1994/9/2 0:00,a,0,\N
2245,·ë¼§,Å®,15601804852,2542507953,atowz8739@sina.com,1995/6/3 0:00,a,0,\N
2246,ñÒËÉ,ÄÐ,17406432628,3925050015,gxko7014@163.com,1992/7/4 0:00,a,0,\N
2247,ÇØÈá,Å®,12695063948,7992137294,golz8529@sohu.com,1988/10/26 0:00,a,0,\N
2248,ÆÝÉ¯,ÄÐ,14096626043,3021703188,ghrwp6507@qq.com,1994/5/19 0:00,a,0,\N
2249,³ÂÄþ,ÄÐ,19964571595,615517940,xijdeb8246@sohu.com,2002/4/14 0:00,a,0,\N
2250,Íõ¾²,Å®,16517839431,6661589503,enfcr9282@qq.com,1985/3/16 0:00,a,0,\N
2251,ºÎ½­Ï¼,ÄÐ,11261722445,1415817977,zqrre9012@sohu.com,1982/5/6 0:00,a,0,\N
2252,Ê±óÞ,Å®,13194013833,350781195,lcffw3455@sina.com,1995/10/14 0:00,a,0,\N
2253,ÍõÐËâù,ÄÐ,10780318379,8327991250,bex5513@163.com,1996/1/11 0:00,a,0,\N
2254,ñÒ¶¬¶ù,ÄÐ,12246868610,6925025081,auptmz4820@qq.com,1992/7/1 0:00,a,0,\N
2255,ÎâÒàÑþ,Å®,12045826315,2922872229,lvfd3081@sohu.com,1989/11/16 0:00,a,0,\N
2256,²ÜÄÏÁ«,ÄÐ,19428128004,1437522986,wuhvzy7682@163.com,2001/7/14 0:00,a,0,\N
2257,ñÒÒÇ,Å®,18818698525,744039731,rcc9680@sohu.com,1991/6/14 0:00,a,0,\N
2258,ÉòÍðº£,ÄÐ,10409560203,5148095572,kb7011@sina.com,2008/6/8 0:00,a,0,\N
2259,ËïÒ×ÃÎ,ÄÐ,13224255442,4340090451,uhzjo1106@163.com,2004/12/13 0:00,a,0,\N
2260,½ðËÉ,Å®,11393328905,1426586737,dwvui9814@163.com,1984/7/24 0:00,a,0,\N
2261,ÐíÔÁ,ÄÐ,18921630978,554680732,anj1525@163.com,1986/9/4 0:00,a,0,\N
2262,ÕÔæÃ,Å®,14605157375,8882673307,mtjkda9686@sohu.com,2009/1/25 0:00,a,0,\N
2263,½ðÎÄÙ»,ÄÐ,19624280333,6136832524,gwgn9719@163.com,2001/5/20 0:00,a,0,\N
2264,»ª²ýÓñ,ÄÐ,17732805013,9534882176,bcnsch4148@sohu.com,1992/10/30 0:00,a,0,\N
2265,ÂÀÏãÐã,Å®,15784550309,8234156943,vbdwl1391@163.com,2003/7/31 0:00,a,0,\N
2266,·ëºéÀö,ÄÐ,18872356414,2331044594,epc5524@sina.com,2006/8/1 0:00,a,0,\N
2267,ÓÈ»¨³¤,Å®,14754812121,8831286406,t6389@sina.com,1987/10/26 0:00,a,0,\N
2268,ÕÅÃôÈã,ÄÐ,11044822931,4832864802,vxpnq6149@sina.com,1986/7/17 0:00,a,0,\N
2269,ÑÏ³ÌÔÃ,ÄÐ,12237656712,4696183740,dcbpnfv8569@sohu.com,1990/2/1 0:00,a,0,\N
2270,ºÎ×ÓÍ®,Å®,12845556735,8377097679,ranucf4381@qq.com,1983/11/21 0:00,a,0,\N
2271,Ðí²ýÓñ,ÄÐ,15337652564,6896724227,zjneh1863@sohu.com,1984/9/6 0:00,a,0,\N
2272,ÖÜÑ°ÄÏ,Å®,14288977384,4525717606,hhqdj1749@163.com,2007/7/25 0:00,a,0,\N
2273,ÑîÃôÈã,ÄÐ,10027166008,6450144026,cpxvhe6332@sohu.com,1999/2/19 0:00,a,0,\N
2274,Àî¼Î,ÄÐ,19411110877,3117658225,nifejt6103@163.com,2001/7/31 0:00,a,0,\N
2275,³ÂÓÅÓÅ,Å®,18338744044,5167735878,ra30@sohu.com,1984/3/22 0:00,a,0,\N
2276,êÌá°,ÄÐ,19692441225,4734660287,ihjh736@sina.com,1988/4/19 0:00,a,0,\N
2277,º«Àö,Å®,13096559643,3257400579,bjkkq2709@sohu.com,1999/7/30 0:00,a,0,\N
2278,ÎÀ½¿½¿,ÄÐ,14863574504,2893652273,t8704@163.com,1987/7/31 0:00,a,0,\N
2279,ÉêÍÀÀö,ÄÐ,10499419569,7746490109,oysjco5231@sohu.com,1994/6/10 0:00,a,0,\N
2280,Ê©¼ÑÁá,Å®,10156215429,3778175972,dq3731@sohu.com,2004/3/13 0:00,a,0,\N
2281,Ð»ÃÎ½¿,ÄÐ,13367834687,8287495895,gqnzj6973@qq.com,2001/6/23 0:00,a,0,\N
2282,º«»ÆÆ¼,Å®,11561956405,3821416715,oloqz8206@qq.com,2009/1/7 0:00,a,0,\N
2283,ÎÀ¾²ÐÀ,ÄÐ,10367652773,9408993119,xeqpl695@163.com,1998/2/18 0:00,a,0,\N
2284,ÇØÐÀâù,ÄÐ,13161379098,7953255435,nfwhm2934@sohu.com,1996/4/15 0:00,a,0,\N
2285,Ðí»Ã²¨,Å®,19022753834,774459527,mvpai2582@qq.com,1989/10/27 0:00,a,0,\N
2286,¹Øè¥,ÄÐ,13085968494,3823927260,cdaeb8666@qq.com,2003/7/5 0:00,a,0,\N
2287,ÕÔ¹âÀ¼,Å®,12829307913,9511324655,fytod1583@qq.com,2001/9/25 0:00,a,0,\N
2288,ÂÀÌÎ,ÄÐ,17175339460,9816668812,oejpvwb2373@qq.com,1985/4/29 0:00,a,0,\N
2289,¿×ÒÁÆ¼,ÄÐ,15284095406,1172982936,fpzzr6342@qq.com,1991/4/11 0:00,a,0,\N
2290,¿×Öì½¿,Å®,11892275810,7162043906,ru5345@qq.com,2003/11/29 0:00,a,0,\N
2291,ÒüÇïÈÙ,ÄÐ,16139389872,8395891601,ltna7236@sina.com,2003/1/25 0:00,a,0,\N
2292,ÆÝÜ°Óï,Å®,10558081865,8966194829,dhlig5174@163.com,1996/10/29 0:00,a,0,\N
2293,²Ü¾²ö©,ÄÐ,17696903347,8814731829,yy3573@sina.com,2000/7/14 0:00,a,0,\N
2294,Ç®Õê,ÄÐ,19470746517,1465783904,nwert8127@qq.com,1988/11/28 0:00,a,0,\N
2295,ÂÀÄÏÁ«,Å®,11453294157,6297679073,hivva988@163.com,1991/1/23 0:00,a,0,\N
2296,ÀîÕÑæ·,ÄÐ,12968419790,5321877508,r7611@qq.com,2006/2/1 0:00,a,0,\N
2297,»ªÕþÈº,Å®,17909737229,2064596005,oyhou9974@sohu.com,2007/8/3 0:00,a,0,\N
2298,ÑÏ»Û¾ê,ÄÐ,19000701904,7265522234,resyfx1317@qq.com,1985/5/13 0:00,a,0,\N
2299,ÈÚ³ÕÃÎ,ÄÐ,14858056902,4750499014,yrk8215@sohu.com,2008/10/4 0:00,a,0,\N
2300,ÉòÐÄ·Æ,Å®,19270244836,4907270398,gacr2353@sohu.com,1993/3/13 0:00,a,0,\N
2301,ÑîÀó,ÄÐ,11955922245,976876698,fzw46@163.com,1992/9/23 0:00,a,0,\N
2302,½ªÁéÖñ,Å®,10507166385,23319565,jphdp1344@sohu.com,2003/7/20 0:00,a,0,\N
2303,ÎÀÈÜÑÞ,ÄÐ,11903604865,493246286,ofhuh9253@qq.com,1984/7/27 0:00,a,0,\N
2304,²éÇà,ÄÐ,15938776731,8130698285,mqpsl6994@163.com,1993/2/28 0:00,a,0,\N
2305,ÀÉ¾²ÐÀ,Å®,11034799218,2451601424,byfb5982@163.com,1986/6/28 0:00,a,0,\N
2306,ÍõÔ°,ÄÐ,18517117500,4664077730,khef4803@qq.com,1993/10/19 0:00,a,0,\N
2307,³Â´ä,Å®,14634005427,1876132267,smxho7709@qq.com,1994/1/11 0:00,a,0,\N
2308,ÓÈÁéÖñ,ÄÐ,19966813325,566516415,cfm7519@qq.com,1984/2/18 0:00,a,0,\N
2309,ÖÜÏÔ,ÄÐ,14792974591,7890746318,sqet1237@sohu.com,1998/10/13 0:00,a,0,\N
2310,º«Üç,Å®,12215735912,2606882693,qssnj7907@sohu.com,1982/9/25 0:00,a,0,\N
2311,ÖìÓ­Âü,ÄÐ,11118716597,7766955939,dyo8786@163.com,1994/1/7 0:00,a,0,\N
2312,ÞÉ´ä,Å®,10270980596,6236307212,fwkht2840@sohu.com,1989/7/2 0:00,a,0,\N
2313,ÕÅôä´ä,ÄÐ,17105570435,3354505985,wvil6605@sina.com,2000/9/17 0:00,a,0,\N
2314,Ê©¼Î,ÄÐ,18102655410,1296185018,spk1568@sina.com,1986/2/19 0:00,a,0,\N
2315,ÂÀÔªÉº,Å®,17483837008,8957352488,plsox9058@qq.com,1992/12/26 0:00,a,0,\N
2316,ÎâÇÉÀö,ÄÐ,11597982645,3390214496,najqa7592@sohu.com,2006/8/11 0:00,a,0,\N
2317,Àî²ÊÑÞ,Å®,14357474446,2217500839,wlnz9222@sina.com,1994/12/14 0:00,a,0,\N
2318,Ç®ºì,ÄÐ,15148212909,6233077835,ol8186@sohu.com,1997/4/26 0:00,a,0,\N
2319,Ð»Ò¦,ÄÐ,12443355917,2069029394,yeiq4506@sina.com,2002/3/14 0:00,a,0,\N
2320,½ðÇÙ,Å®,10930851697,2788115203,aoxr8217@163.com,1987/5/9 0:00,a,0,\N
2321,Ë¾¿ÜÐ¡µû,ÄÐ,16224589943,325071949,gzspt1029@qq.com,1998/7/20 0:00,a,0,\N
2322,Ê©Ã÷Â¶,Å®,12449698448,5506562315,oaqg5561@sina.com,2001/2/15 0:00,a,0,\N
2323,Î¤¶¬¶ù,ÄÐ,14330403208,5960000025,fbquu6616@sohu.com,1999/12/30 0:00,a,0,\N
2324,·ë¹¦±Ì,ÄÐ,16395198106,8480908601,yqsblpy3555@sohu.com,1985/7/29 0:00,a,0,\N
2325,Ëïºé¾²,Å®,18955085873,3649503382,wbkqt7662@163.com,2007/1/20 0:00,a,0,\N
2326,½¯É¯É¯,ÄÐ,19387605190,6824760632,ehtagve8055@qq.com,1982/6/23 0:00,a,0,\N
2327,ñÒÀò,Å®,10628499388,630894731,xilu1759@sohu.com,1982/6/20 0:00,a,0,\N
2328,ÐíÑã,ÄÐ,18665460348,1091783014,x2250@163.com,2008/12/23 0:00,a,0,\N
2329,ÕÂæÂÔª,ÄÐ,11150646805,8446292046,jnw8507@qq.com,2007/9/22 0:00,a,0,\N
2330,Ç®ÅÎÏÄ,Å®,18281879425,7046196434,dxffvu7532@163.com,2006/3/4 0:00,a,0,\N
2331,Ñî†¢Ù»,ÄÐ,10002805590,8631129441,qujx8421@qq.com,1994/12/13 0:00,a,0,\N
2332,Ç®Ã÷Â¶,Å®,14871155023,3597400034,ogyl1728@sohu.com,2002/1/15 0:00,a,0,\N
2333,ÖÜ¾§,ÄÐ,12047722935,3910395036,nprrru3470@sohu.com,2000/12/17 0:00,a,0,\N
2334,ÆÝ×ÓÍ®,ÄÐ,19548170566,4211032815,qzp3104@sina.com,1986/11/23 0:00,a,0,\N
2335,»ªÆ¼,Å®,16831373572,8965241751,oxop7530@163.com,2002/8/7 0:00,a,0,\N
2336,ÕÅæ¿,ÄÐ,15003126859,9609216246,jhkad6040@qq.com,2008/1/19 0:00,a,0,\N
2337,ÉòÀÖ,Å®,12298780083,7332444474,tecdfit8802@sohu.com,1982/10/26 0:00,a,0,\N
2338,Öì¼ÆÏã,ÄÐ,19354081153,2072317779,xvnuz895@sina.com,2009/3/15 0:00,a,0,\N
2339,ÎºÏö,ÄÐ,18236395716,3499074522,hheym8505@163.com,2008/5/18 0:00,a,0,\N
2340,ÑîÎÊóÞ,Å®,10819798707,4154712442,ytctj2395@163.com,1993/7/23 0:00,a,0,\N
2341,¿×º£Á«,ÄÐ,17253549695,1755059857,glry9626@qq.com,1999/10/20 0:00,a,0,\N
2342,ÓÈÔ¶ÇÙ,Å®,19775416851,7127237212,hfdqzf9386@sohu.com,1999/12/10 0:00,a,0,\N
2343,Ëïôä´ä,ÄÐ,13615455031,5866036972,inzq351@sohu.com,1996/10/9 0:00,a,0,\N
2344,»ªæÃæÃ,ÄÐ,17253421545,6958600343,jsz7146@qq.com,1989/12/16 0:00,a,0,\N
2345,ÆÝÀö,Å®,12740278840,6129027899,fczfpm7978@sina.com,1998/12/10 0:00,a,0,\N
2346,·ëÕê,ÄÐ,11452436447,8148385349,bqcyqfc4961@qq.com,2006/5/21 0:00,a,0,\N
2347,ÖìæÃ,Å®,16672775149,2873393271,ljkoivm3728@qq.com,2008/5/27 0:00,a,0,\N
2348,½¯æ¯,ÄÐ,16316324472,8224136817,bvpu604@qq.com,1998/7/26 0:00,a,0,\N
2349,Ç®Ð¡À¼,ÄÐ,13346980214,7969619874,okjo3790@sohu.com,2003/10/22 0:00,a,0,\N
2350,ºÎÒ¹°×,Å®,18746101856,8214982744,pn1202@sina.com,2005/11/30 0:00,a,0,\N
2351,Ó÷»Ã²¨,ÄÐ,19950470328,8408458632,zwoh2330@163.com,1986/2/19 0:00,a,0,\N
2352,ÍõÑà,Å®,13507164716,6914335594,wkvxwqxfn8700@sohu.com,1985/5/6 0:00,a,0,\N
2353,»ªÌì´º,ÄÐ,13202682137,8512796458,ral2156@sohu.com,1996/2/5 0:00,a,0,\N
2354,ÓÈ÷ì,ÄÐ,17394328117,9244141738,vwhhy6554@sohu.com,1988/11/25 0:00,a,0,\N
2355,Ó÷¼ÑÀö,Å®,11859795451,9844902908,kxenk7455@qq.com,1997/10/31 0:00,a,0,\N
2356,Ë®¼§,ÄÐ,16717177629,1533226492,gloqrg9819@sohu.com,1985/6/23 0:00,a,0,\N
2357,·ëÇ§Æ¼,Å®,19258678555,371480079,hefd1883@sohu.com,1998/4/28 0:00,a,0,\N
2358,Â³ÃôæÃ,ÄÐ,14668233394,9022119427,xd8260@qq.com,2009/3/20 0:00,a,0,\N
2359,ÓÈ¾²ÐÀ,ÄÐ,16212396025,6948961686,scfhf3326@sina.com,2001/6/3 0:00,a,0,\N
2360,·ëÌì´º,Å®,17636426687,3407092130,judwx3890@163.com,1994/5/20 0:00,a,0,\N
2361,ÂÀ¼ÑÁá,ÄÐ,17069779038,7691764755,aovyj9552@qq.com,1995/1/7 0:00,a,0,\N
2362,²Üºñ¾Õ,Å®,12028388977,735568131,jmhzg1462@qq.com,1999/7/5 0:00,a,0,\N
2363,½¯ÊÀÀ¼,ÄÐ,14251558184,3285694876,jum8885@sina.com,2002/5/9 0:00,a,0,\N
2364,Ê©ÁèÐý,ÄÐ,15660053491,2465752148,oams5789@qq.com,1985/11/22 0:00,a,0,\N
2365,ÍõÄþ,Å®,19075558781,8809243439,ogtmae6066@163.com,2003/1/6 0:00,a,0,\N
2366,½ªÃÎ½¿,ÄÐ,10281069278,5002753367,qbm4444@sohu.com,1996/6/2 0:00,a,0,\N
2367,ñÒÄþ,Å®,19183458685,125242809,twk2815@qq.com,2000/2/18 0:00,a,0,\N
2368,ÌÕÅÎÏÄ,ÄÐ,14294527769,5523774927,kicw7600@sina.com,1987/10/2 0:00,a,0,\N
2369,ÎâÃÎ,ÄÐ,15381608605,1405192863,lxijyg5803@qq.com,1987/7/11 0:00,a,0,\N
2370,ÖÜÇï,Å®,17234501838,4404869310,gvq7985@163.com,1997/9/1 0:00,a,0,\N
2371,ÇØ½­Ï¼,ÄÐ,13208414912,2849069832,whahk9046@sina.com,1985/4/2 0:00,a,0,\N
2372,Ê©Ê÷Æ½,Å®,10063897371,7061756807,nugstkx1363@sohu.com,1989/9/2 0:00,a,0,\N
2373,·ëÐËâù,ÄÐ,17040784955,162825884,zgicf5914@sina.com,2003/3/25 0:00,a,0,\N
2374,ÖìÑ©,ÄÐ,17855117321,517231768,tsrbes9057@sina.com,1999/2/4 0:00,a,0,\N
2375,½ð·¢µÜ,Å®,17052134871,9856225395,xvw2123@sina.com,1994/5/28 0:00,a,0,\N
2376,ÎÀÆ®,ÄÐ,13916038274,2507558804,xggwty4102@sina.com,1985/2/28 0:00,a,0,\N
2377,³ÂÃ÷Â¶,Å®,11834459900,6923571325,uorjla8613@sohu.com,1993/7/29 0:00,a,0,\N
2378,ÍõÉ¯É¯,ÄÐ,16923799514,3440538647,eztf9243@163.com,1993/1/11 0:00,a,0,\N
2379,ÕÔÄþ,ÄÐ,11996967196,3969602654,phd9001@163.com,1992/3/22 0:00,a,0,\N
2380,½ªÌì´º,Å®,15128904581,4017540834,prsiu8909@sohu.com,1989/5/17 0:00,a,0,\N
2381,Ëï¼Ñ,ÄÐ,12553771138,3343331317,qewyg9492@sohu.com,1983/6/10 0:00,a,0,\N
2382,ÞÉÄÈ,Å®,14192135334,3832147924,osrt901@163.com,1998/9/10 0:00,a,0,\N
2383,ÑÏ×ÏÝæ,ÄÐ,14413151144,6342134557,kchoci318@sina.com,2004/6/7 0:00,a,0,\N
2384,¿×°ï¾Õ,ÄÐ,17716778516,8757843425,mshcf528@sina.com,2004/3/12 0:00,a,0,\N
2385,º«¾²,Å®,17780871987,6048676150,ddxs8454@163.com,1992/4/12 0:00,a,0,\N
2386,½ªÀñ½Ü,ÄÐ,12038664817,7437293111,nwtfq1634@163.com,1986/11/5 0:00,a,0,\N
2387,Ç®ÑÞ,Å®,12790066599,2863117440,ijjyms5709@sina.com,1992/12/10 0:00,a,0,\N
2388,±ð»¨³¤,ÄÐ,19336520433,9685626940,hiv9864@qq.com,1994/10/30 0:00,a,0,\N
2389,ñÒæÃ,ÄÐ,15170181393,4293156608,bkxcaf3778@sina.com,2005/8/6 0:00,a,0,\N
2390,º«µ¤,Å®,15625131130,2120366227,gas379@sohu.com,2001/3/5 0:00,a,0,\N
2391,¿×Òàº®,ÄÐ,17267484068,3064402124,wazqw5294@163.com,1982/9/17 0:00,a,0,\N
2392,·½¹ðÀ¼,Å®,12693818807,8830308295,vayy182@sohu.com,2002/4/23 0:00,a,0,\N
2393,ºÎîøãã,ÄÐ,17229633927,113513819,szirf5775@sina.com,2008/2/6 0:00,a,0,\N
2394,Ñîö°,ÄÐ,15552730560,7396118264,lufc3972@sina.com,2002/1/27 0:00,a,0,\N
2395,ñÒº¬Óñ,Å®,11666814684,1526682505,smi9087@sohu.com,1995/6/28 0:00,a,0,\N
2396,ºÎ¼§,ÄÐ,19449440240,3074825178,jazf7808@qq.com,1997/12/8 0:00,a,0,\N
2397,ÆÝÐ¡Õä,Å®,19601929783,985936595,ebfv530@qq.com,1995/9/26 0:00,a,0,\N
2398,ÎâÑ©,ÄÐ,13018362522,6460977159,lxcm413@sina.com,1983/9/30 0:00,a,0,\N
2399,ÌÕÑÇ,ÄÐ,18022360205,1785721648,qeeldr5854@qq.com,2006/11/3 0:00,a,0,\N
2400,³ÂÎÄÐã,Å®,16625479459,2436867766,bnklbg9999@sohu.com,1991/1/11 0:00,a,0,\N
2401,ÕÔÒ×ÃÎ,ÄÐ,11845784783,4982326280,tolio6367@163.com,1994/2/26 0:00,a,0,\N
2402,Ñî¿ª·ï,Å®,17470879554,724243260,bzilox5961@qq.com,2007/3/2 0:00,a,0,\N
2403,Ê©ºçÁØ,ÄÐ,13612563014,2738615383,vufs2497@sohu.com,1998/1/7 0:00,a,0,\N
2404,Ò¶²ÊÑÞ,ÄÐ,15511609315,850157946,rjaz6265@sina.com,2001/6/29 0:00,a,0,\N
2405,ÉòÃûæÂ,Å®,10717180371,8426539087,lhvghb1331@sina.com,2002/10/25 0:00,a,0,\N
2406,ñÒæÂÔª,ÄÐ,16767337322,6839342297,jlueuo3146@163.com,1985/5/24 0:00,a,0,\N
2407,»ªºé¾²,Å®,10491256117,7550033396,jldcm1613@163.com,1983/6/23 0:00,a,0,\N
2408,ÖìÑÞºì,ÄÐ,13071330785,9445666033,otmdnab1841@sina.com,1983/8/12 0:00,a,0,\N
2409,Ö£ÃÎ,ÄÐ,15950613617,6050635949,fjrgk7732@qq.com,1997/1/12 0:00,a,0,\N
2410,²ÜÑÇÆ¼,Å®,19829244613,6235125849,xqoxx3379@qq.com,1999/6/20 0:00,a,0,\N
2411,½ªÊç·Ò,ÄÐ,17518913149,5058487826,thj7138@qq.com,2001/10/20 0:00,a,0,\N
2412,·ëÒË,Å®,15848222970,2332914986,jrv1237@qq.com,2001/1/15 0:00,a,0,\N
2413,½ðÑà,ÄÐ,18540347218,3651119859,li5476@163.com,1989/11/13 0:00,a,0,\N
2414,ÑîÉº,ÄÐ,11798813343,7147059313,evznp8458@163.com,1993/12/4 0:00,a,0,\N
2415,ÓÈºêÑÞ,Å®,14893898367,3682549356,om918@sohu.com,1996/1/17 0:00,a,0,\N
2416,ÓÈÄî,ÄÐ,16372193098,4881142132,aorf2644@qq.com,1987/5/27 0:00,a,0,\N
2417,ºÎÇà»±,Å®,11521659493,3245200713,swyuz1697@163.com,1988/2/2 0:00,a,0,\N
2418,Îº¹âÌÒ,ÄÐ,11695208549,9148507373,hmxdehs662@sohu.com,1988/2/26 0:00,a,0,\N
2419,Íõ²Ê¾Õ,ÄÐ,11183716654,7827120808,glaowr5718@qq.com,2000/1/20 0:00,a,0,\N
2420,½¯Àö,Å®,12065726518,4500638381,afdqoq2611@sina.com,2008/9/28 0:00,a,0,\N
2421,ÉòÖ®Äî,ÄÐ,13252094388,727047656,cwmhdct7047@sohu.com,1992/10/27 0:00,a,0,\N
2422,Ö£¸£À¼,Å®,12570798397,181986970,butwoei8790@sina.com,2005/7/15 0:00,a,0,\N
2423,ÂÀæµ,ÄÐ,12856263518,6789698234,qrnyw9066@qq.com,2001/3/31 0:00,a,0,\N
2424,ºÎ¼Ñ,ÄÐ,16650136709,3923944946,hssa2967@163.com,2002/2/18 0:00,a,0,\N
2425,ÆÝ½õ,Å®,13192711472,6024018925,rqyqy324@qq.com,2006/8/15 0:00,a,0,\N
2426,ÀÉÊç·Ò,ÄÐ,14167404174,6090367769,kmmj5038@sina.com,2004/3/6 0:00,a,0,\N
2427,ÀîÝí,Å®,16311075091,6166589517,cxynjmw5511@qq.com,1983/2/21 0:00,a,0,\N
2428,Ç®ÊÀÀ¼,ÄÐ,14051815271,6987117561,zsezju2222@sina.com,1987/10/19 0:00,a,0,\N
2429,Ê©¾ý,ÄÐ,10189335942,5752949193,bei2040@sina.com,2003/3/30 0:00,a,0,\N
2430,½¯±ùÍ®,Å®,18072550296,2648210128,evxnhl7083@sina.com,1999/4/28 0:00,a,0,\N
2431,Ðíôä´ä,ÄÐ,12410578131,1759190455,iane5378@qq.com,1990/6/6 0:00,a,0,\N
2432,·½ÃÀÀö,Å®,14808481931,6910988201,bbjp4412@qq.com,1991/10/17 0:00,a,0,\N
2433,½ªÑ©,ÄÐ,13253808617,8376354410,tz6805@sohu.com,1983/4/2 0:00,a,0,\N
2434,Ê©Çí,ÄÐ,15375714302,92930568,svk3087@qq.com,1999/9/4 0:00,a,0,\N
2435,º«ÁéÖñ,Å®,13511340022,5980208363,qnmsxhb3514@163.com,1986/8/7 0:00,a,0,\N
2436,Àî°ÁÎÄ,ÄÐ,14975434541,7082394298,wnehjjw4160@163.com,2005/7/19 0:00,a,0,\N
2437,»Ý†¢Ù»,Å®,14845235943,1858724152,ylpl157@163.com,1994/3/17 0:00,a,0,\N
2438,Ëï·Ã·ã,ÄÐ,16824576854,156094739,efss787@sohu.com,2007/8/3 0:00,a,0,\N
2439,Î¤·Ã·ã,ÄÐ,12995318770,6759953162,xmjqic1894@sina.com,1995/5/1 0:00,a,0,\N
2440,Ñî¶¬Áé,Å®,17531799077,4335445465,lhyvzn644@sina.com,1987/1/18 0:00,a,0,\N
2441,Àî½­Ï¼,ÄÐ,16651239991,3822721459,xocx3936@qq.com,2005/4/29 0:00,a,0,\N
2442,²ÜÐ¡µû,Å®,15481271743,5594657892,fyaq755@qq.com,1985/9/7 0:00,a,0,\N
2443,Ç®Ç§Æ¼,ÄÐ,17301113009,8952545975,cflft7309@sina.com,1993/10/8 0:00,a,0,\N
2444,¿×Â¶,ÄÐ,16286779642,4732757709,bcdna2048@163.com,1988/11/13 0:00,a,0,\N
2445,¸»Íñ,Å®,17869208455,4205490184,masi2860@sohu.com,1983/1/29 0:00,a,0,\N
2446,ÉòÈÜÑÞ,ÄÐ,11878635883,2222232847,gjrik259@163.com,2006/4/12 0:00,a,0,\N
2447,Îºèµ,Å®,10455211997,8242195218,jtwkk2733@sina.com,1995/1/14 0:00,a,0,\N
2448,¸ßóÞ,ÄÐ,12285908460,1846725153,jgbui9713@163.com,1986/3/20 0:00,a,0,\N
2449,Íõµ¤,ÄÐ,15987544655,414869833,gy6990@qq.com,1998/2/1 0:00,a,0,\N
2450,¿×ÃûæÂ,Å®,11676459312,3440295461,yhw2050@163.com,1989/3/11 0:00,a,0,\N
2451,ÑÏ·²,ÄÐ,11103245615,7549430198,dqex9504@sohu.com,1987/7/11 0:00,a,0,\N
2452,Ê©Ó¢,Å®,12717295885,7540739253,gvoof1686@sohu.com,2007/11/1 0:00,a,0,\N
2453,Ê©°²ç÷,ÄÐ,10066917538,4985637910,vvtj3336@sohu.com,2001/12/6 0:00,a,0,\N
2454,½¯Ï§Ñ©,ÄÐ,15817735195,7269477594,nvuf7963@qq.com,1990/4/18 0:00,a,0,\N
2455,ÚùÈØ,Å®,12041234374,5937362203,afocvg2841@sina.com,1982/4/28 0:00,a,0,\N
2456,Öì´ºÎÄ,ÄÐ,12317880392,5250485520,uhdza9127@sina.com,1990/2/25 0:00,a,0,\N
2457,ÖìÏþÔÆ,Å®,16521511673,5735799762,zxnk377@sohu.com,1985/1/6 0:00,a,0,\N
2458,»ª¹âÀ¼,ÄÐ,13184909820,5880807585,pcdhvn3432@163.com,1993/10/23 0:00,a,0,\N
2459,½¯Óð,ÄÐ,12246839404,17933098,ghizmew7446@sina.com,2008/9/21 0:00,a,0,\N
2460,ºÎÏþÔÆ,Å®,17279678583,5765137734,liubpqp8058@qq.com,1993/4/5 0:00,a,0,\N
2461,ñÒÐÀâù,ÄÐ,17400277256,8422795919,ycd1153@qq.com,1999/10/6 0:00,a,0,\N
2462,·ë´ä´ä,Å®,15756132602,7626938212,gqpnw9991@sina.com,1994/7/20 0:00,a,0,\N
2463,ÆÝÏ§Ñ©,ÄÐ,11410612463,7858141418,quvzh6538@sina.com,2007/11/25 0:00,a,0,\N
2464,ÓÈÁèÐý,ÄÐ,11656035184,5508649668,pe4368@sohu.com,1999/8/18 0:00,a,0,\N
2465,ÐíÑþ,Å®,11168180108,1899786943,ifcwnvw4923@sohu.com,1988/10/21 0:00,a,0,\N
2466,²Ô½ðÃµ,ÄÐ,16261506080,1573432169,yetgks4018@sohu.com,1988/10/26 0:00,a,0,\N
2467,Éò³ÉÙ»,Å®,16967245936,5386355960,nc8268@sina.com,1993/6/12 0:00,a,0,\N
2468,ÆÝ³ÉÁú,ÄÐ,16267873048,7320984300,civrni6714@sina.com,2009/1/7 0:00,a,0,\N
2469,ñÒçü,ÄÐ,15987451672,5771855767,frrf7925@sohu.com,1992/9/5 0:00,a,0,\N
2470,ÇØÄý,Å®,18339335918,4529965029,fzeis5727@163.com,1987/3/22 0:00,a,0,\N
2471,»ªÈð,ÄÐ,13626822829,5298486881,unvume5748@qq.com,1985/1/9 0:00,a,0,\N
2472,²Üçù,Å®,10109943151,3739380540,yapazbd6473@163.com,1992/7/17 0:00,a,0,\N
2473,ÖÜÓýÍ®,ÄÐ,15498839020,552327543,tgade5406@qq.com,2002/10/24 0:00,a,0,\N
2474,Ñîº®Ñã,ÄÐ,19192380905,581635714,qyxo1573@qq.com,1995/5/27 0:00,a,0,\N
2475,½ªè÷º­,Å®,15406066775,8464284286,fuxaj1005@163.com,1986/4/20 0:00,a,0,\N
2476,ËïæÃ,ÄÐ,14257074594,2779577442,bcnru2454@sina.com,1983/10/8 0:00,a,0,\N
2477,·ëÒàº®,Å®,17102854847,318946982,khfsos7175@sina.com,1983/3/1 0:00,a,0,\N
2478,³ÂÓñÀ¼,ÄÐ,14744102954,3120154465,fxbvn4901@qq.com,1986/7/13 0:00,a,0,\N
2479,Ê©ÁéÖñ,ÄÐ,10159592032,7833584329,mrnru8087@163.com,2000/4/25 0:00,a,0,\N
2480,ÕÔÁÕ,Å®,18270424604,6217085925,dwjf8723@163.com,1984/2/3 0:00,a,0,\N
2481,½¯º¬»Ü,ÄÐ,12741027474,7870173199,zqmk9662@sina.com,1982/5/10 0:00,a,0,\N
2482,Öì²ÊÑÞ,Å®,17294917106,9375138311,ohvr2419@163.com,1990/1/24 0:00,a,0,\N
2483,ÕÅµ¤Õä,ÄÐ,16611153483,4842542798,pkyn1831@163.com,1987/6/10 0:00,a,0,\N
2484,ÑîÒ¦,ÄÐ,19103728532,368447994,ysiq1399@qq.com,1999/6/24 0:00,a,0,\N
2485,¿×Ñó,Å®,12177150845,2381442059,zlhetx7648@qq.com,2000/4/1 0:00,a,0,\N
2486,Ð»óÞ,ÄÐ,15678441524,7445354036,sixm3769@163.com,1998/8/23 0:00,a,0,\N
2487,ÀîÔªÇí,Å®,13884896636,8319886218,tan2584@sina.com,2001/11/16 0:00,a,0,\N
2488,Ê©ÈØ,ÄÐ,12509549856,9372433455,gxvlrpp2232@163.com,1999/4/25 0:00,a,0,\N
2489,ÇØ¹ÈÉ½,ÄÐ,18778534531,9561346015,mu7186@163.com,1988/8/8 0:00,a,0,\N
2490,½ªÌÎ,Å®,17917747497,5829938647,tmzjn3230@sohu.com,1988/4/12 0:00,a,0,\N
2491,»ªÀö,ÄÐ,13536607623,5893190437,tyknn3074@sohu.com,2007/5/11 0:00,a,0,\N
2492,ÑÏÏãÞ±,Å®,16945530176,971384136,rj2334@sina.com,1999/12/17 0:00,a,0,\N
2493,ÑîºéÀö,ÄÐ,17797253727,4307981461,yzjl9669@sina.com,1983/1/11 0:00,a,0,\N
2494,½ðÉ¯,ÄÐ,16381609439,5459677348,fy9217@sina.com,2002/10/3 0:00,a,0,\N
2495,»ª´óÐã,Å®,14084963202,7895086724,nww4608@sina.com,1991/12/23 0:00,a,0,\N
2496,³ÂÕÑæ·,ÄÐ,19980639219,4792345605,ebkg8057@sohu.com,2004/7/2 0:00,a,0,\N
2497,ÖìÊÀÈº,Å®,17151399254,5865103564,ad2871@163.com,1989/9/25 0:00,a,0,\N
2498,ÌÕÎÄÌÎ,ÄÐ,15440754890,4228249003,thei6123@sina.com,1994/11/16 0:00,a,0,\N
2499,²ÜÐ¡Àö,ÄÐ,18042780756,3769555361,ibzi4075@sina.com,1987/10/9 0:00,a,0,\N
2500,½ªçù,Å®,17201424837,3128426390,ryjjk2491@qq.com,2000/3/10 0:00,a,0,\N
2501,ÕÔÈá,ÄÐ,10706327557,5478448620,bepxvy3667@163.com,1987/4/2 0:00,a,0,\N
2502,ËïÑÞºì,Å®,11624114513,4023469106,bqemvi2888@sina.com,2005/5/24 0:00,a,0,\N
2503,ÎÀÏÄÃ·,ÄÐ,11448268294,978136739,pkg6679@sina.com,2000/6/25 0:00,a,0,\N
2504,ÇØ¼ÑÁá,ÄÐ,13618263006,4219974695,eizgl2259@qq.com,1985/5/1 0:00,a,0,\N
2505,ÕÔÏþ,Å®,14055910706,6551943889,kvwqu2677@163.com,2000/8/6 0:00,a,0,\N
2506,ÕÔÇÙ,ÄÐ,16275072097,258550252,npbi1336@qq.com,1999/11/16 0:00,a,0,\N
2507,Ð»´äÈá,Å®,15896274447,6406199949,mvjglh6694@sohu.com,1998/11/13 0:00,a,0,\N
2508,ÎÀ¹ðÀ¼,ÄÐ,17571607828,8035862621,kvrt4869@qq.com,1991/6/20 0:00,a,0,\N
2509,Óàºì,ÄÐ,12803786396,7303974940,svwkzg4021@sina.com,1993/3/25 0:00,a,0,\N
2510,ÂÀ´úÔÆ,Å®,10707714557,3903330104,bmsf2978@163.com,1987/11/2 0:00,a,0,\N
2511,ÐíÇÉÀö,ÄÐ,13069538474,269218877,oroa5408@163.com,1997/4/12 0:00,a,0,\N
2512,¿×³ÕÃÎ,Å®,17138241529,4554737887,sxpd8215@sina.com,1988/4/11 0:00,a,0,\N
2513,¶ËÄ¾À¼À¼,ÄÐ,13344607949,5923630499,agzxx8026@qq.com,1990/9/28 0:00,a,0,\N
2514,»ªº£Ñà,ÄÐ,13863081932,6015556862,wxwfde7262@qq.com,2003/10/26 0:00,a,0,\N
2515,Ö£¾²ÐÀ,Å®,11769940257,2518955797,fshedr1172@qq.com,1990/10/10 0:00,a,0,\N
2516,ÎâË¼,ÄÐ,19037524461,4546243041,slbhtww8908@sohu.com,1989/8/8 0:00,a,0,\N
2517,ËÕÔµË«,Å®,16145294308,8226944789,lzd685@sohu.com,1999/9/12 0:00,a,0,\N
2518,·ë½ðÃµ,ÄÐ,12465417385,4772112233,gznn4018@163.com,1997/6/15 0:00,a,0,\N
2519,³Âºì,ÄÐ,17449750304,1749782467,vtxsfu2580@sohu.com,2004/1/25 0:00,a,0,\N
2520,ÇØÙ»Ù»,Å®,10037645101,2852302188,xticny423@sina.com,1982/11/21 0:00,a,0,\N
2521,ÕÔÃ·Ã·,ÄÐ,11526280045,7813167374,pvfgwzy189@sina.com,1982/7/17 0:00,a,0,\N
2522,½ú½ð»¨,Å®,13678417205,5000261895,ufv5678@qq.com,2003/4/30 0:00,a,0,\N
2523,ÉòÑ©Ã·,ÄÐ,14242879748,6604878721,nyzpce4894@qq.com,1996/6/9 0:00,a,0,\N
2524,ÂÀÁèåÈ,ÄÐ,10861870050,4168345203,wxx5775@sohu.com,2004/10/15 0:00,a,0,\N
2525,·ëÅæÎÄ,Å®,17942765355,8720990506,hfhuqzw7252@sina.com,1989/3/13 0:00,a,0,\N
2526,³ÂÆô·Ò,ÄÐ,10261480808,208923474,ortk4704@sohu.com,1986/7/30 0:00,a,0,\N
2527,ÑÏÔµË«,Å®,19496130347,9682518561,lsymvzq3116@sina.com,1995/7/20 0:00,a,0,\N
2528,ÕÅÑ©Ã·,ÄÐ,12594794034,1324579450,pwijq4626@163.com,1997/8/27 0:00,a,0,\N
2529,ñÒÒË,ÄÐ,12765966057,584823963,denul9744@163.com,1991/1/13 0:00,a,0,\N
2530,ÌÕË®ÔÆ,Å®,18225960731,7119882006,uml2842@sina.com,2008/11/7 0:00,a,0,\N
2531,ÎÀÃÎ,ÄÐ,10800444483,3942303754,ssar610@sohu.com,1986/8/20 0:00,a,0,\N
2532,ÆÝÂ¶,Å®,15588589906,6067209004,pnm4759@sina.com,1989/3/1 0:00,a,0,\N
2533,ÍõÐã¾ê,ÄÐ,15564363598,6290997399,syrkj9543@sina.com,1999/7/21 0:00,a,0,\N
2534,ñ¼Òøæ¯,ÄÐ,16991412639,2699102907,dvg4976@sina.com,2000/5/31 0:00,a,0,\N
2535,ñÒÄîÄî,Å®,15522155165,1611394926,lubve1848@qq.com,1990/9/3 0:00,a,0,\N
2536,Ö£Ðã¾ê,ÄÐ,10869258642,2339731366,fvh9817@163.com,1982/9/13 0:00,a,0,\N
2537,ÌÕ»Û,Å®,13884955048,2134090183,vihfky5322@sina.com,1997/8/13 0:00,a,0,\N
2538,½ªÐ¡Àö,ÄÐ,12041845321,3687902444,fivt4084@163.com,2007/6/3 0:00,a,0,\N
2539,ÕÅÄÈ,ÄÐ,12834236025,5590790151,zyni4378@sina.com,2004/2/11 0:00,a,0,\N
2540,ÎâÑÇÆ¼,Å®,14042879343,2064131685,zmrak5311@163.com,2005/11/30 0:00,a,0,\N
2541,¹ËÙ»,ÄÐ,11534503102,473098745,fp4199@163.com,1985/12/14 0:00,a,0,\N
2542,¶õÖ®Ñþ,Å®,10081970691,8634255702,tjghh6421@sohu.com,2008/3/19 0:00,a,0,\N
2543,³ÂÈð,ÄÐ,18247551321,3361581049,qff3330@sohu.com,1992/9/10 0:00,a,0,\N
2544,½ðæÃ,ÄÐ,11701859235,3422174475,cocmr1921@163.com,2006/5/11 0:00,a,0,\N
2545,¿×æý,Å®,19360786080,4887731419,flropfj8229@163.com,2001/7/9 0:00,a,0,\N
2546,ÀîÈçËª,ÄÐ,16693453788,2424042052,haw9785@163.com,1988/5/28 0:00,a,0,\N
2547,ÖÜ×íÞ±,Å®,10642105937,3391166381,abox6986@qq.com,1995/8/28 0:00,a,0,\N
2548,·ëÀÖ,ÄÐ,10331183671,1636642832,qif2441@sina.com,1992/4/2 0:00,a,0,\N
2549,ÔªÊç·Ò,ÄÐ,18533847928,7834660788,xeveb3060@sina.com,2006/12/14 0:00,a,0,\N
2550,Ö£Ò¶,Å®,16491162776,3312248122,pobliwr5217@sohu.com,1995/6/25 0:00,a,0,\N
2551,º«½Ü,ÄÐ,11798295378,4039533138,wpsvu8703@sina.com,1995/7/19 0:00,a,0,\N
2552,Ëï¾°Ñà,Å®,17714666128,2252575157,wgcsq8919@sohu.com,1986/10/1 0:00,a,0,\N
2553,¿×½­Ï¼,ÄÐ,16327248215,803763525,541@sohu.com,2005/4/8 0:00,a,0,\N
2554,Ê©³ÉÁú,ÄÐ,15779418945,2454278266,tpjec1335@sina.com,1994/6/1 0:00,a,0,\N
2555,ñÒÏãÞ±,Å®,18428155779,4965495137,iizc5276@sina.com,1986/6/10 0:00,a,0,\N
2556,Îâ·¼,ÄÐ,16841198205,6918529373,yq2765@qq.com,2007/12/29 0:00,a,0,\N
2557,ËïÑÇ,Å®,14399312138,6974337742,dtvvn2466@qq.com,2004/12/1 0:00,a,0,\N
2558,ÎºÖ®Ñþ,ÄÐ,17708246707,5937162528,gwg1225@sina.com,1992/2/5 0:00,a,0,\N
2559,Ê©²Ó²Ó,ÄÐ,16706613898,1032949116,kte2471@sohu.com,1997/9/13 0:00,a,0,\N
2560,ñÒ´ºÎÄ,Å®,12310999631,1667844640,bhdr3731@163.com,1995/10/12 0:00,a,0,\N
2561,ËïÃ÷Öé,ÄÐ,19574380517,6371427826,trzlg4910@sina.com,2004/6/14 0:00,a,0,\N
2562,ÖìóÞ,Å®,19929623603,9310832116,hwjamkp8660@sina.com,1999/10/16 0:00,a,0,\N
2563,º«Ð¦°×,ÄÐ,19302737116,8717098326,ior4482@163.com,2000/8/20 0:00,a,0,\N
2564,Ê±ÅÎÏÄ,ÄÐ,19241868257,7699840580,fgyp121@qq.com,2003/6/12 0:00,a,0,\N
2565,ÑÏÒ¶,Å®,17124059796,3522006790,rnvo8616@qq.com,1998/6/5 0:00,a,0,\N
2566,Àî¹âÌÒ,ÄÐ,14753730297,4619362370,oht2759@sina.com,1994/7/4 0:00,a,0,\N
2567,´ÔÙ»,Å®,14910983443,5010763627,wgps4857@sohu.com,2003/8/5 0:00,a,0,\N
2568,Îâ¶¬Áé,ÄÐ,14675430059,4661143992,tyax9991@sina.com,2006/10/25 0:00,a,0,\N
2569,½ªºÉ,ÄÐ,16548472046,7611246113,cjgjljcf6725@sohu.com,1982/6/19 0:00,a,0,\N
2570,¿×Üç,Å®,11805200576,9932193227,lcgf441@163.com,1988/10/7 0:00,a,0,\N
2571,ÑîÃ÷Öé,ÄÐ,10282451510,8830552078,xuejulu5452@qq.com,2001/9/1 0:00,a,0,\N
2572,ÎÀÈð½ø,Å®,11483389139,6426863071,hszpbfb3793@qq.com,1993/3/16 0:00,a,0,\N
2573,º«Ðã,ÄÐ,19857504963,5138793084,zeft6243@163.com,1990/12/27 0:00,a,0,\N
2574,ñ¼Ýº,ÄÐ,13179371356,1375447195,najygb3118@qq.com,2009/2/4 0:00,a,0,\N
2575,Ä½½õ,Å®,14756130576,4923183034,fiyfeee5924@sohu.com,1986/8/20 0:00,a,0,\N
2576,ÖÜ»¶,ÄÐ,14773777723,9381889126,vnklq9804@sohu.com,1996/7/12 0:00,a,0,\N
2577,Úùè÷º­,Å®,12352061867,5074975647,wcixr3779@163.com,1984/11/8 0:00,a,0,\N
2578,Àî±ùÂ¶,ÄÐ,11098532676,7663084817,nfi6745@sohu.com,1994/8/20 0:00,a,0,\N
2579,»ªº¬Óñ,ÄÐ,17290150523,271681738,wobfizyf9219@163.com,1989/11/8 0:00,a,0,\N
2580,ÕÔÐã·¼,Å®,10797206163,3202135804,impwy11@sina.com,2007/1/6 0:00,a,0,\N
2581,½¯öÎÔÂ,ÄÐ,15905311703,6517084743,nldsezkk4023@sina.com,1997/9/22 0:00,a,0,\N
2582,¿×Ç§Æ¼,Å®,18068177700,7128257642,zdopwzr6819@sohu.com,2008/7/26 0:00,a,0,\N
2583,ñÒ¾ê,ÄÐ,15993031859,3001650417,jgg4617@163.com,1986/9/17 0:00,a,0,\N
2584,½ðÎäÇÙ,ÄÐ,18353112936,4135755800,qzfds5690@163.com,1991/3/24 0:00,a,0,\N
2585,Îâ·ÃÇÙ,Å®,14743939042,8845614157,jlipp7320@sohu.com,1988/10/12 0:00,a,0,\N
2586,Ö£Ó¢,ÄÐ,19533252716,7254478696,dfyde3620@163.com,2005/10/5 0:00,a,0,\N
2587,ÁºÇðÒÁÆ¼,Å®,10154935717,3787536873,iuw8839@sina.com,1993/11/1 0:00,a,0,\N
2588,Ëïºç,ÄÐ,12696014642,784445083,unaq1505@163.com,1999/6/15 0:00,a,0,\N
2589,ÕÅ¿­Ãô,ÄÐ,13729394078,4380517857,tbws2507@sohu.com,1982/5/13 0:00,a,0,\N
2590,ÄÜº®Ñã,Å®,19034407138,6706910446,bab2904@163.com,2002/7/4 0:00,a,0,\N
2591,Ê©²ýÓñ,ÄÐ,14778913855,9758850577,vkucq7296@sohu.com,1991/10/19 0:00,a,0,\N
2592,ÇØ±ùÂ¶,Å®,11941756010,2384644613,izc7803@qq.com,1990/7/25 0:00,a,0,\N
2593,¿×è÷º­,ÄÐ,19139142632,3537434841,eyamyi1422@163.com,1985/8/12 0:00,a,0,\N
2594,Ë®×Ï¾ý,ÄÐ,15864243507,9863600271,nypyf1303@163.com,1989/1/23 0:00,a,0,\N
2595,²ÜÕÑæ·,Å®,17612158656,906456265,gxznicc2744@163.com,2004/12/2 0:00,a,0,\N
2596,¿×Çà,ÄÐ,15973759889,9588819557,vlu3169@qq.com,1994/3/5 0:00,a,0,\N
2597,ÓãÒ¹°×,Å®,11947916150,2483971482,xjocsu9986@qq.com,1982/9/23 0:00,a,0,\N
2598,ÕÔÓÐ¾Õ,ÄÐ,15223567485,3846753432,wgswo5906@sina.com,1986/6/17 0:00,a,0,\N
2599,Îºá°,ÄÐ,18677253127,8988745031,hbtoz7835@163.com,1997/5/30 0:00,a,0,\N
2600,²Ü°²ç÷,Å®,17849277257,7746716010,sw2422@sina.com,1993/3/9 0:00,a,0,\N
2601,³ÂÐÀâù,ÄÐ,13608961701,3295931367,rxzut8822@sohu.com,1998/1/17 0:00,a,0,\N
2602,ÕÔö°,Å®,10877637863,8053933539,uskg2590@163.com,1995/4/23 0:00,a,0,\N
2603,Íõ½õ,ÄÐ,12303420901,8937992919,jtpcg4214@163.com,1993/1/23 0:00,a,0,\N
2604,½¯×ÏÝæ,ÄÐ,17705637216,2686575215,hkmb2085@sohu.com,2000/7/3 0:00,a,0,\N
2605,½¯Üç,Å®,14335291981,6613572646,vojvzp8191@sohu.com,2007/5/31 0:00,a,0,\N
2606,ÉòÊÀÈº,ÄÐ,10312416553,6189380522,mn870@qq.com,2008/6/10 0:00,a,0,\N
2607,Öì½õ,Å®,11657776236,2766527018,xwkr5752@sina.com,1990/4/14 0:00,a,0,\N
2608,ÐíÓ½,ÄÐ,19166496992,8996395280,oy2149@qq.com,2000/2/20 0:00,a,0,\N
2609,ºÎº®,ÄÐ,13880935311,6797862870,fpzg976@sohu.com,1990/8/16 0:00,a,0,\N
2610,ÖÜ¶¬¶ù,Å®,12390818595,795206095,pfiu7242@qq.com,1984/6/2 0:00,a,0,\N
2611,ÅËÐÄÃô,ÄÐ,15776574015,5972989056,efhfs6066@163.com,1996/9/28 0:00,a,0,\N
2612,ÕÅæÃæÃ,Å®,18248091936,805230394,ofpij4027@qq.com,1998/8/10 0:00,a,0,\N
2613,ÆÝÅæÎÄ,ÄÐ,14822185635,9586711343,gegf9095@sohu.com,2007/9/18 0:00,a,0,\N
2614,½¯ÐÄæÂ,ÄÐ,17508962154,282656731,pemzj9925@sohu.com,1992/12/19 0:00,a,0,\N
2615,ÑÏÆ¼,Å®,19096459746,6448626493,vjxmp2460@sina.com,2002/6/23 0:00,a,0,\N
2616,ÐíÞ±,ÄÐ,14765485525,5064347553,tb8006@sina.com,1990/5/12 0:00,a,0,\N
2617,ÉòÕÑ¶«,Å®,18338852524,2251248955,fntdvqk4935@sohu.com,1982/8/21 0:00,a,0,\N
2618,ÕÅÊ÷Æ½,ÄÐ,10252418518,8463374124,hcnfe6080@sina.com,1999/5/29 0:00,a,0,\N
2619,½¯ÃôæÃ,ÄÐ,13485719561,5883501116,vbun1612@sohu.com,2008/3/8 0:00,a,0,\N
2620,Ç®ÔÏ,Å®,16238819360,7328570772,dtcfs2114@sina.com,1985/9/1 0:00,a,0,\N
2621,Ç®è¥,ÄÐ,12495511174,6252025537,ekvc5635@163.com,1993/6/12 0:00,a,0,\N
2622,·¶èª,Å®,14552462100,6580663166,gpe785@sohu.com,1982/8/15 0:00,a,0,\N
2623,ÌÕ´ºÏ²,ÄÐ,12775530219,3672755131,pdd8422@sohu.com,1995/12/18 0:00,a,0,\N
2624,ÑÏ´äÈá,ÄÐ,14299563169,37482806,epwg3535@sina.com,1987/4/10 0:00,a,0,\N
2625,½¯öÎÁÕ,Å®,13022752404,2395334695,lhpriz5925@qq.com,1984/5/31 0:00,a,0,\N
2626,Îº¾²ÐÀ,ÄÐ,11342320442,7840687407,ngkde890@sohu.com,1982/4/20 0:00,a,0,\N
2627,ÂÀÑ©Ã·,Å®,19791209101,3322854758,cxrqm517@sina.com,1997/4/17 0:00,a,0,\N
2628,ÐíÖ¦,ÄÐ,13596764802,3296654371,utwz9493@163.com,1992/6/21 0:00,a,0,\N
2629,ÑîÊéÍ¬,ÄÐ,16598432660,8489386161,ghdvw9394@qq.com,2005/5/21 0:00,a,0,\N
2630,ÐíÀä°²,Å®,18713424205,4443772030,jmquah2546@sohu.com,1995/8/6 0:00,a,0,\N
2631,ºÎÊ÷Æ½,ÄÐ,15883464217,1357851325,zlrbag7010@sina.com,1985/9/23 0:00,a,0,\N
2632,ÎÀÓÀÕä,Å®,13203300237,8158950858,jzmo896@qq.com,1990/9/10 0:00,a,0,\N
2633,ñÒÑó,ÄÐ,16628924012,9500625632,ln6369@sohu.com,1986/7/2 0:00,a,0,\N
2634,ÂÀÌð,ÄÐ,14571657180,7115614318,qwn8255@sina.com,2007/3/14 0:00,a,0,\N
2635,ÎÀ´Ï,Å®,12959644198,8725609861,kobdz5985@sohu.com,1997/4/26 0:00,a,0,\N
2636,ÍõÐÀç÷,ÄÐ,10522123575,2405756557,bcpm8522@163.com,1991/3/19 0:00,a,0,\N
2637,ÑîÑà,Å®,11530364155,209942117,in1724@163.com,1987/4/11 0:00,a,0,\N
2638,ÌÕ¼Î,ÄÐ,11793606281,7138571620,admkh8272@sohu.com,1987/6/1 0:00,a,0,\N
2639,ÕÅÁèÕä,ÄÐ,18014988303,4704105189,ygu2125@sina.com,1985/5/7 0:00,a,0,\N
2640,»ªÐË,Å®,17692517042,8828186372,usravl4467@sohu.com,1989/11/4 0:00,a,0,\N
2641,ÖÜÑà,ÄÐ,15509906411,368902777,z2561@sina.com,2009/3/9 0:00,a,0,\N
2642,¿×´ºÑà,Å®,15882811546,882886824,ls6738@qq.com,1994/1/27 0:00,a,0,\N
2643,ÎÀº£Ñà,ÄÐ,10163876414,3307605521,qe5252@sohu.com,1989/11/2 0:00,a,0,\N
2644,ÑîÐÀç÷,ÄÐ,10496340990,6008415041,vqdem8968@163.com,2001/2/5 0:00,a,0,\N
2645,ÖìÈÜÑÞ,Å®,11846969723,2356055274,retz9312@sohu.com,2007/5/21 0:00,a,0,\N
2646,Îâ†¢Ù»,ÄÐ,15126016139,6837921324,gj2254@qq.com,1990/2/6 0:00,a,0,\N
2647,ÐíÇä,Å®,10171079039,2192973552,regthm7280@qq.com,1992/3/18 0:00,a,0,\N
2648,ìè½õ,ÄÐ,19764283895,1600853855,4371@sina.com,2008/2/28 0:00,a,0,\N
2649,ÆÝ½ð»¨,ÄÐ,18674488663,1333147609,xq8988@sohu.com,2008/11/11 0:00,a,0,\N
2650,ÕÔº®,Å®,13249416351,5143465487,zhjj6268@sina.com,1999/10/24 0:00,a,0,\N
2651,ÍõÆôÓ¢,ÄÐ,12483007311,4065895054,kpry2298@sina.com,1983/7/5 0:00,a,0,\N
2652,ÎÀÉº,Å®,15282112360,8113424876,qshwhmd4312@163.com,1991/9/30 0:00,a,0,\N
2653,Ê©³ÉÙ»,ÄÐ,17260163426,7901365471,xaggupk3890@sohu.com,1989/3/25 0:00,a,0,\N
2654,³Â÷ì,ÄÐ,14574911594,9620916626,tj6563@qq.com,2001/8/26 0:00,a,0,\N
2655,Ê©ÈÚ,Å®,19758962988,587144966,ibcclp9210@163.com,1997/6/5 0:00,a,0,\N
2656,ñÒÖ®Èá,ÄÐ,12196921110,1188852657,hacce8811@163.com,1983/8/22 0:00,a,0,\N
2657,À÷æ·,Å®,12787709832,3257627077,orrmox6254@163.com,2002/11/16 0:00,a,0,\N
2658,¿×ÇÉÀö,ÄÐ,11676354408,2304594463,ncfptch3214@sohu.com,1999/9/1 0:00,a,0,\N
2659,ÕÅÌì´º,ÄÐ,19902388453,8778800993,inaxj1041@qq.com,1989/12/20 0:00,a,0,\N
2660,ÕÅÈð,Å®,19923382997,385833460,hsga4554@163.com,1998/9/28 0:00,a,0,\N
2661,Ö£ÄÈ,ÄÐ,17638109326,6850765516,pund1559@qq.com,1982/8/13 0:00,a,0,\N
2662,·ëÔÂ,Å®,15535800457,472924103,fwo8507@qq.com,2007/3/21 0:00,a,0,\N
2663,½ðÇà,ÄÐ,15592116713,9930554697,cep8600@163.com,2001/11/7 0:00,a,0,\N
2664,ÀîÆô·Ò,ÄÐ,13549998998,2460351973,hoch7342@163.com,1995/1/24 0:00,a,0,\N
2665,»ª¼ÑÀö,Å®,17170858979,6537848596,wpas6960@sina.com,2002/10/18 0:00,a,0,\N
2666,¿×Ñ°ÄÏ,ÄÐ,18199758529,6179736500,vijmzrh4568@qq.com,1991/10/20 0:00,a,0,\N
2667,ÎâÓ½,Å®,16313621401,1005910092,mapmw4806@163.com,2007/3/12 0:00,a,0,\N
2668,ºÎÀÖÝæ,ÄÐ,17745348215,7146905533,jvkh3734@sina.com,2007/9/20 0:00,a,0,\N
2669,²ÜÔÂ,ÄÐ,18005221486,1240386185,hmidh4171@163.com,1995/3/7 0:00,a,0,\N
2670,ÀîÀö,Å®,17935440540,8285516426,jw7848@qq.com,1990/9/21 0:00,a,0,\N
2671,²ÜÓ±,ÄÐ,12890266776,8548419735,pxq755@sohu.com,1992/5/18 0:00,a,0,\N
2672,ÌÀÐ¦°×,Å®,13164337873,5439765841,gmzs6747@163.com,1986/6/2 0:00,a,0,\N
2673,º«¼§,ÄÐ,18801475167,6100575054,rdwlntc4086@sohu.com,1987/8/8 0:00,a,0,\N
2674,ÕÔÀó,ÄÐ,16887011528,6988627941,vbdhnl627@qq.com,1983/4/7 0:00,a,0,\N
2675,º«Ð¡Àö,Å®,14514557719,5088018322,fznf5391@qq.com,1998/9/12 0:00,a,0,\N
2676,º«ÑÅ¬u,ÄÐ,15354453325,374208181,oopp5988@sohu.com,2004/10/11 0:00,a,0,\N
2677,·ëÈï,Å®,13542163968,137601224,ohcdrmd9444@sina.com,1997/4/9 0:00,a,0,\N
2678,ÕÅÃµ,ÄÐ,11231839656,856577360,vvm9260@sina.com,2003/6/12 0:00,a,0,\N
2679,¿×Æ½ÏÄ,ÄÐ,18279389739,8047173783,lwhn8358@sina.com,1986/8/6 0:00,a,0,\N
2680,ÑÏÄîÄî,Å®,16162008047,307768142,bszdu902@qq.com,1986/7/5 0:00,a,0,\N
2681,³Â·ã,ÄÐ,17313347458,6403809805,ga2095@qq.com,2008/6/30 0:00,a,0,\N
2682,ÇØ¹ð»¨,Å®,13836746215,6357243723,kjh4258@163.com,1996/7/6 0:00,a,0,\N
2683,Ðí»ÆÆ¼,ÄÐ,11209298968,1147215874,bigfl3548@qq.com,1992/8/19 0:00,a,0,\N
2684,½ðÀó,ÄÐ,17638393640,4701505833,enggg6463@163.com,1984/5/3 0:00,a,0,\N
2685,ÑîæÂ,Å®,14585850834,4641042346,iccg9620@qq.com,2006/12/20 0:00,a,0,\N
2686,º«Ñ°ÄÏ,ÄÐ,19414255619,9890176763,jw8506@sohu.com,1993/8/5 0:00,a,0,\N
2687,ÀÉÐÀâù,Å®,14791712164,8314512269,kfzjdy1193@sina.com,1990/8/3 0:00,a,0,\N
2688,ÕÅµÂÈº,ÄÐ,18446329832,2401257603,fxy5125@sohu.com,1997/7/12 0:00,a,0,\N
2689,Éòº£Ñà,ÄÐ,19996514916,6436811672,in3034@sohu.com,1998/2/13 0:00,a,0,\N
2690,ÆÝºçÁØ,Å®,12178845405,2317812376,ebvovot3319@sohu.com,1988/9/1 0:00,a,0,\N
2691,½¯´ºÖñ,ÄÐ,12008196711,86812157,kn6488@qq.com,2005/6/7 0:00,a,0,\N
2692,²Üµ¤Õä,Å®,12766114473,2418855261,drri7835@163.com,1997/11/6 0:00,a,0,\N
2693,²ÜÒ¹°×,ÄÐ,11629446148,2880604233,iqp3085@sina.com,1998/12/23 0:00,a,0,\N
2694,¿×Ù»,ÄÐ,16003196239,5996695587,coxoog3739@sohu.com,1984/11/9 0:00,a,0,\N
2695,ñÒÔ°,Å®,16865710616,2519387334,qmu3611@163.com,2003/8/5 0:00,a,0,\N
2696,Ê±ÓÅÓÅ,ÄÐ,11701873540,7213402792,kork4363@sina.com,2004/4/9 0:00,a,0,\N
2697,²ÜÐ¾Èï,Å®,16797266602,4720089947,sdqeku8989@sohu.com,1983/10/14 0:00,a,0,\N
2698,ÀîÎäÇÙ,ÄÐ,17074441909,4308801024,khzveq761@qq.com,1982/8/11 0:00,a,0,\N
2699,ÕÅÉ¯É¯,ÄÐ,16427852511,8591370799,e8565@qq.com,1982/9/24 0:00,a,0,\N
2700,Ç®Çí,Å®,17187811136,8472530581,zl8226@qq.com,2004/7/22 0:00,a,0,\N
2701,ÔªÈÜÑÞ,ÄÐ,10322363972,5017409538,mikko9079@163.com,1997/5/10 0:00,a,0,\N
2702,ÎâÖñ,Å®,19050419330,3692720879,nbqjmr4055@sina.com,2007/8/5 0:00,a,0,\N
2703,²Ü´ä´ä,ÄÐ,15346111655,2111982842,wfbv3786@163.com,1994/5/14 0:00,a,0,\N
2704,²ÜÒàÑþ,ÄÐ,18394459486,5393627123,ruo8888@163.com,2000/12/13 0:00,a,0,\N
2705,ÎÀÔªÇí,Å®,15318141579,4305399390,eybwl8112@sohu.com,2000/3/13 0:00,a,0,\N
2706,ÍØ°ÏÒàÑþ,ÄÐ,10715918540,8174940384,sin1850@sina.com,2001/5/13 0:00,a,0,\N
2707,Ô¬É¯,Å®,12891117930,4126734646,yagm513@sina.com,2008/12/4 0:00,a,0,\N
2708,Ðíæµ,ÄÐ,10634928941,5465088253,qdd5489@163.com,2006/12/1 0:00,a,0,\N
2709,ÕÔÑ©,ÄÐ,16470268368,8243843881,iod2418@163.com,1988/1/22 0:00,a,0,\N
2710,ÐíÃ·Ã·,Å®,16138932704,6401100777,wex1698@163.com,1993/6/11 0:00,a,0,\N
2711,·ëÈð½ø,ÄÐ,12483891844,1823749373,xrxbd7061@sohu.com,1997/9/25 0:00,a,0,\N
2712,»ª»Ý,Å®,16771157979,7747583853,yiby7965@qq.com,1984/2/1 0:00,a,0,\N
2713,ÆÝ»Û¾ê,ÄÐ,15817928910,7775745231,dkcxi6729@sina.com,1987/11/16 0:00,a,0,\N
2714,²ÜÓ­Âü,ÄÐ,17326908111,1167219769,iyey6327@sohu.com,1982/3/20 0:00,a,0,\N
2715,»ªÕä,Å®,13727094531,9939950764,iuaieh9038@163.com,1999/8/27 0:00,a,0,\N
2716,Ö£Òøæ¯,ÄÐ,11120163202,8655302081,ftwoxn3332@163.com,2005/7/4 0:00,a,0,\N
2717,ÎÀ²Óâù,Å®,11035073399,1783550849,knenb3759@163.com,2007/10/31 0:00,a,0,\N
2718,ñÒ»Û,ÄÐ,19382994174,1450949515,iru4847@163.com,1993/3/8 0:00,a,0,\N
2719,²ÜÈð½ø,ÄÐ,16936277747,4667379228,imjrea9754@sohu.com,1982/7/9 0:00,a,0,\N
2720,Ê©¹ðÀ¼,Å®,15860289335,237201082,tnmvd3056@sohu.com,2004/2/21 0:00,a,0,\N
2721,»ÆÞ±,ÄÐ,16211667656,2245398169,xan3600@sohu.com,1991/7/4 0:00,a,0,\N
2722,È½°²ç÷,Å®,18162293434,6942842083,huwpy6111@sohu.com,1997/1/4 0:00,a,0,\N
2723,ÌÕÓñ¾§,ÄÐ,10171133875,59365438,qnjc4982@sohu.com,1991/1/10 0:00,a,0,\N
2724,ÆÝÏö,ÄÐ,19937459230,958228212,qtefu7127@qq.com,1983/4/14 0:00,a,0,\N
2725,ºÎ¹È²¨,Å®,15134943127,1891397001,hxkvmx9041@sohu.com,1990/5/30 0:00,a,0,\N
2726,½ðÇåâù,ÄÐ,10428111553,5077602421,vvja1050@163.com,1998/1/13 0:00,a,0,\N
2727,Éò³ÌÑà,Å®,18766745924,6936821424,xhsw8522@sohu.com,2002/6/5 0:00,a,0,\N
2728,ñÒÐ¾Èï,ÄÐ,10471423864,8980616754,n3542@163.com,1986/3/31 0:00,a,0,\N
2729,á¯æý,ÄÐ,17070646882,4359849371,rvja795@sohu.com,1988/10/25 0:00,a,0,\N
2730,»ª¾²,Å®,16508207321,565308826,gbfs2020@sohu.com,1987/7/28 0:00,a,0,\N
2731,Îºçù,ÄÐ,17364837527,4294519169,eek1392@sohu.com,1998/11/21 0:00,a,0,\N
2732,¿×æ·,Å®,16662012338,7945130138,ortdg2803@sohu.com,2007/2/12 0:00,a,0,\N
2733,ÎâÏþÀÚ,ÄÐ,15044291615,6853516864,venaa9266@sohu.com,1998/5/27 0:00,a,0,\N
2734,ÐíÃÀÀö,ÄÐ,15451042652,7422670915,kgwouu13@sohu.com,2003/2/10 0:00,a,0,\N
2735,²ÜÇ§Æ¼,Å®,14445022940,3207276699,wvj2107@qq.com,1993/4/20 0:00,a,0,\N
2736,ÎâºçÁØ,ÄÐ,16195381879,5252273658,okam3839@sohu.com,2001/10/12 0:00,a,0,\N
2737,ÂÀº®,Å®,16622405648,5295865471,cfnw5494@163.com,1984/4/9 0:00,a,0,\N
2738,Ö£º®,ÄÐ,12682032585,3504325090,pa427@sina.com,1988/4/4 0:00,a,0,\N
2739,Öì¹¦±Ì,ÄÐ,19356057047,3236251680,lg7862@sohu.com,1990/3/22 0:00,a,0,\N
2740,ÎâÉ¯,Å®,14150267839,2843573693,aelas8035@163.com,1990/6/17 0:00,a,0,\N
2741,ÕÔºìÁµ,ÄÐ,17193782925,1987307931,jgqfn6197@qq.com,1991/10/6 0:00,a,0,\N
2742,ÐíÓ°,Å®,10159795284,7534007511,rwpmvm0@sina.com,1992/7/25 0:00,a,0,\N
2743,ÕÅÊéÍ¬,ÄÐ,11847085356,1335182510,obicm9206@qq.com,1993/2/8 0:00,a,0,\N
2744,á¯ºì,ÄÐ,14404233694,482824425,oelwxv4707@sina.com,2004/4/5 0:00,a,0,\N
2745,ñÒÐ¡µû,Å®,15750733017,5761453575,tw4371@sina.com,2002/2/20 0:00,a,0,\N
2746,ºÎÁúæÃ,ÄÐ,19032402038,8635874562,ttzc3024@sohu.com,1991/4/15 0:00,a,0,\N
2747,Îâá°,Å®,14098894000,3256626912,nkryk5002@sina.com,2006/6/26 0:00,a,0,\N
2748,ÇØÊ¤Ó¢,ÄÐ,13539921045,1537332056,rf9481@sina.com,2008/11/2 0:00,a,0,\N
2749,½¯Ãô,ÄÐ,13170331120,4641385668,epoc1121@sina.com,2002/8/3 0:00,a,0,\N
2750,º«îøãã,Å®,14793627262,8365710819,hza1251@sohu.com,2000/5/18 0:00,a,0,\N
2751,ÑîÓñ¾§,ÄÐ,15255159735,7458228030,aqrsx8329@qq.com,1993/8/24 0:00,a,0,\N
2752,Íõ¾ý,Å®,17251299619,1259176531,sovfwc342@163.com,2002/10/2 0:00,a,0,\N
2753,¿×î£æ¼,ÄÐ,12995668053,995876256,versc5342@163.com,2001/1/18 0:00,a,0,\N
2754,Ç®µ¤,ÄÐ,14939198493,5242194522,smun1728@sohu.com,1997/1/11 0:00,a,0,\N
2755,½¯èµ,Å®,18453699946,1508968022,umf412@sohu.com,1995/5/30 0:00,a,0,\N
2756,ÂÀÊ¤Ãô,ÄÐ,19249917268,7566440750,zd2681@sina.com,1991/1/2 0:00,a,0,\N
2757,ÎÀæÂ,Å®,14717100262,9195638507,k6801@qq.com,1995/8/27 0:00,a,0,\N
2758,ÐíÑ°ÄÏ,ÄÐ,19123046398,1778140541,ihz559@sina.com,2007/12/21 0:00,a,0,\N
2759,ÎÀÇïÈÙ,ÄÐ,10357722640,995379154,npe9828@163.com,1991/7/30 0:00,a,0,\N
2760,ÆÝÇà»±,Å®,12671149969,4324497295,kpcbb5040@sohu.com,2001/10/31 0:00,a,0,\N
2761,ÉòÖ®Èá,ÄÐ,19553499817,5769626556,glkgd7005@sina.com,1993/6/19 0:00,a,0,\N
2762,Ö£è÷º­,Å®,11813554763,4011750845,qji6505@163.com,2007/12/28 0:00,a,0,\N
2763,½¯¾²,ÄÐ,13187076449,927842390,kraec1158@qq.com,1982/8/31 0:00,a,0,\N
2764,ÓÈÀö,ÄÐ,13980451822,7127202641,ywazk9609@sohu.com,1993/8/16 0:00,a,0,\N
2765,²ÜÓÅÓÅ,Å®,18733504414,2061212849,woewzs8185@sina.com,2008/5/19 0:00,a,0,\N
2766,ÑÏ¹È²¨,ÄÐ,17449810504,3537882472,atzjp1180@sohu.com,2004/8/7 0:00,a,0,\N
2767,Ôª¿­Ãô,Å®,19249500632,9646803493,tfb9535@sohu.com,2007/10/24 0:00,a,0,\N
2768,³Â´ºÆ¼,ÄÐ,19379605054,1578208881,naudndrw3848@163.com,1984/3/6 0:00,a,0,\N
2769,ÖÜÓñÍ¤,ÄÐ,14276767373,9384472985,fbh4784@qq.com,1983/8/2 0:00,a,0,\N
2770,ºÎ°ëÇÛ,Å®,18097853660,2039272997,qpmcwmes4040@sina.com,1986/12/1 0:00,a,0,\N
2771,³Â°ëÇÛ,ÄÐ,17971875071,5229066612,iemmpv9136@sina.com,1993/2/15 0:00,a,0,\N
2772,ÑÏöÎÔÂ,Å®,13712970018,4072152939,gc6234@163.com,1986/3/29 0:00,a,0,\N
2773,»ª½¿½¿,ÄÐ,12275207638,6680468064,wvb9472@sohu.com,1989/2/9 0:00,a,0,\N
2774,ÕÅÐËâù,ÄÐ,13606927394,8317793501,lukz4942@qq.com,1982/4/15 0:00,a,0,\N
2775,ÖìÄÏÁ«,Å®,15431470274,4393975380,zorhtjr433@sohu.com,1984/3/14 0:00,a,0,\N
2776,±«¹ðÀ¼,ÄÐ,11873735189,5075963295,qayhz1263@sina.com,1998/4/5 0:00,a,0,\N
2777,½ðÙ»Ù»,Å®,18674259781,673434524,ghqp555@163.com,1990/6/1 0:00,a,0,\N
2778,Ö£Â¶,ÄÐ,14265727996,7825729040,caj3483@sohu.com,1986/11/16 0:00,a,0,\N
2779,ÑÏÄîÃ·,ÄÐ,16387197375,3909721504,gyqfl9439@sina.com,1994/11/4 0:00,a,0,\N
2780,º«Ó­Âü,Å®,12710167169,4910074197,wisr4823@sina.com,1993/5/12 0:00,a,0,\N
2781,Öì»Û,ÄÐ,17554123997,8527051491,kdvo92@sohu.com,1985/7/28 0:00,a,0,\N
2782,»¨ÒÕ,Å®,15958654880,4696986613,terud5832@sohu.com,1993/6/22 0:00,a,0,\N
2783,ÆÝæ·,ÄÐ,18810858130,4499570863,hisl7304@sina.com,2003/5/27 0:00,a,0,\N
2784,ÉòÎÄ¾²,ÄÐ,15431860685,2029687387,vutw1080@163.com,1996/5/2 0:00,a,0,\N
2785,ÐíÎÊóÞ,Å®,11911016106,3000745620,avgbxsj9367@sohu.com,1987/1/2 0:00,a,0,\N
2786,Öì×æÏã,ÄÐ,17822060585,6278360631,xtxz5208@163.com,2008/2/14 0:00,a,0,\N
2787,·ë´äºì,Å®,10918394923,7248117099,ornbbgfh9864@sohu.com,1986/8/28 0:00,a,0,\N
2788,²ÜÏòÆ¼,ÄÐ,18515988588,3806011314,vwxvlh8473@163.com,1993/6/12 0:00,a,0,\N
2789,Ê©ÃÎ½¿,ÄÐ,16938417553,105853438,rukz843@qq.com,2001/4/10 0:00,a,0,\N
2790,¿×á°,Å®,12400500774,160805885,zxrvt8640@163.com,1998/12/22 0:00,a,0,\N
2791,×ÞÐÄ·Æ,ÄÐ,10701140761,2507542711,vqquff8184@qq.com,1988/5/14 0:00,a,0,\N
2792,ÕÅÓ­´º,Å®,11113551855,9807527853,sedny3866@qq.com,2007/6/9 0:00,a,0,\N
2793,ÍõÌ«Èº,ÄÐ,15808325409,9261921190,hfhz395@qq.com,1988/12/16 0:00,a,0,\N
2794,º«ÓýÍ®,ÄÐ,18302984237,3710638017,pmbr2371@sina.com,1989/12/2 0:00,a,0,\N
2795,¿××ÓÍ®,Å®,17957069277,1303837650,xuamb9685@163.com,1997/7/14 0:00,a,0,\N
2796,ÂÀº¬Óñ,ÄÐ,16955629587,7581246529,naskhj8405@qq.com,2004/1/28 0:00,a,0,\N
2797,¿×ÃôæÃ,Å®,17952502369,5952982181,nz3549@qq.com,2008/4/6 0:00,a,0,\N
2798,½ð´ºÏ²,ÄÐ,15359222888,6100841487,hbda4129@sohu.com,2007/6/29 0:00,a,0,\N
2799,Íõè¥,ÄÐ,18822044730,9243075412,itbbx2544@163.com,2003/8/1 0:00,a,0,\N
2800,º«ÏãÞ±,Å®,10759629011,933926230,dlkfa8734@sina.com,1996/1/22 0:00,a,0,\N
2801,Ûº·²,ÄÐ,19843726754,6883731620,zzsjbj5527@163.com,1995/4/6 0:00,a,0,\N
2802,ÖÜÃ÷Öé,Å®,12275881767,2842285042,rsd9686@qq.com,1995/4/21 0:00,a,0,\N
2803,Îº»Ã²¨,ÄÐ,12801072001,2917686630,beyk8427@qq.com,2002/1/7 0:00,a,0,\N
2804,Ö£ÈÚ,ÄÐ,17135535478,713334429,qqnsia5438@163.com,2004/4/9 0:00,a,0,\N
2805,ÎÀÐÀ,Å®,18277042508,7635838965,mbpq7818@163.com,1996/3/19 0:00,a,0,\N
2806,ÞÉÓ­´º,ÄÐ,16792829036,2814964684,vqexmx7089@sohu.com,2003/7/30 0:00,a,0,\N
2807,½úÜç,Å®,12299546599,8812630171,kfdm8796@sina.com,2003/6/23 0:00,a,0,\N
2808,ñÒÐ¡Àö,ÄÐ,11992162466,8089513901,qt8060@sina.com,1991/12/20 0:00,a,0,\N
2809,ñÒÇíÇí,ÄÐ,16151009202,2824177765,lq1007@163.com,1998/9/29 0:00,a,0,\N
2810,ÎºÃÀ¾ê,Å®,18339385986,7799274141,fgv5203@sohu.com,1991/11/17 0:00,a,0,\N
2811,ÎÀº®,ÄÐ,14654504656,4711741728,lifuqt3280@sohu.com,1985/1/12 0:00,a,0,\N
2812,ËïÊ÷Æ½,Å®,16443401575,336046942,rdgr5883@sina.com,1982/11/11 0:00,a,0,\N
2813,ÎÀÑà,ÄÐ,10748952031,8753053004,xtfs9779@sina.com,1984/11/7 0:00,a,0,\N
2814,ÖÜÉ¯,ÄÐ,13190577030,4507262835,gabt9790@qq.com,1987/6/22 0:00,a,0,\N
2815,ÃÏÃÀÀö,Å®,16665872931,3603899914,msl2948@163.com,2007/10/21 0:00,a,0,\N
2816,°ØÑÇÃ·,ÄÐ,13214472532,9111227089,srz8083@163.com,1987/9/7 0:00,a,0,\N
2817,ÌÕæÃæÃ,Å®,14520211815,8572505947,afj284@qq.com,1985/4/18 0:00,a,0,\N
2818,ÎºÀÖÝæ,ÄÐ,12123379707,9113841346,fv5938@sohu.com,1987/6/16 0:00,a,0,\N
2819,ÍõÊ÷Æ½,ÄÐ,11627718806,89329855,nyiqwhq4297@qq.com,1994/7/16 0:00,a,0,\N
2820,Ç®»Û¾ê,Å®,15548173189,1239428340,khzqxm99@163.com,2000/4/2 0:00,a,0,\N
2821,¼ÒæÂÔª,ÄÐ,18361395001,9934506481,pzyavnp2091@sohu.com,2000/9/26 0:00,a,0,\N
2822,½ðÄý,Å®,10572974681,4288094391,afnykvbh9204@sina.com,1996/9/28 0:00,a,0,\N
2823,ÐíÐÄ·Æ,ÄÐ,18859500288,9285814284,safygz6347@163.com,1996/3/6 0:00,a,0,\N
2824,ºÎ¾²,ÄÐ,18611129522,1992231866,dblc3818@sohu.com,1983/12/12 0:00,a,0,\N
2825,Ðí²Ó²Ó,Å®,17397623658,5149242960,zhqc2533@sohu.com,1996/7/6 0:00,a,0,\N
2826,·ëÑÇÆ¼,ÄÐ,11288995742,8724461281,ntfrru1728@sina.com,2001/3/19 0:00,a,0,\N
2827,ÍõÇï,Å®,15737316012,8235002136,uvmv1003@qq.com,2003/10/31 0:00,a,0,\N
2828,ËÕ¾²æµ,ÄÐ,13400045633,869770239,lpivtclc9483@163.com,2006/9/1 0:00,a,0,\N
2829,Ñî¶þÑ¾,ÄÐ,19263785481,3841339547,wvvn3040@sina.com,2003/9/2 0:00,a,0,\N
2830,ÍõÔ·,Å®,19491779804,9174053898,jpqoxy2914@163.com,2004/9/7 0:00,a,0,\N
2831,Öì¼ÑÀö,ÄÐ,12225155234,9808584643,suemw6997@163.com,1990/8/15 0:00,a,0,\N
2832,ËïË®ÔÆ,Å®,13147953748,9881919144,wqe1996@sina.com,2001/3/18 0:00,a,0,\N
2833,Ëï»Ã²¨,ÄÐ,14885783791,8106131063,eqqasmf7479@sina.com,1992/10/31 0:00,a,0,\N
2834,ÑÏÑÞ,ÄÐ,10528616905,4975862162,ufiy3558@163.com,1990/6/9 0:00,a,0,\N
2835,ËÕÃ÷ÑÞ,Å®,17906147837,9114598921,rvvyz333@163.com,1995/12/6 0:00,a,0,\N
2836,Îâ´ó·Ò,ÄÐ,12230464220,4329606600,batbe8108@sohu.com,2008/12/2 0:00,a,0,\N
2837,Ëï»¨¶ð,Å®,11761787533,165925323,cve7754@qq.com,2007/2/10 0:00,a,0,\N
2838,Ç®åû,ÄÐ,10030000209,5088006997,ddgw4780@qq.com,2004/3/18 0:00,a,0,\N
2839,ÔÆº¬Óñ,ÄÐ,11513814330,2403659072,jwi1878@sina.com,1997/7/30 0:00,a,0,\N
2840,Àî²ýÓñ,Å®,17572015523,6085979680,nrgvt2045@163.com,2002/6/24 0:00,a,0,\N
2841,ÀîÈð,ÄÐ,19743481278,2526192986,eswafj4831@qq.com,1984/6/3 0:00,a,0,\N
2842,ÎÀ·ã,Å®,16565876007,7619010802,cqvwf9108@qq.com,1991/6/15 0:00,a,0,\N
2843,É³×íÞ±,ÄÐ,12963315844,8475184773,guv8373@sina.com,2008/5/13 0:00,a,0,\N
2844,Ë®¹ÈÉ½,ÄÐ,12552124261,9377728726,fkneea4461@qq.com,1988/8/9 0:00,a,0,\N
2845,ÑîÆ½ÏÄ,Å®,19317315220,631894896,km619@sohu.com,1984/10/10 0:00,a,0,\N
2846,ñÒ×ÚÀò,ÄÐ,16801893711,1859045421,wvw3984@qq.com,1993/8/2 0:00,a,0,\N
2847,ÕÅ·Æ,Å®,17882704138,2583717371,tvfopz6665@sina.com,2001/6/21 0:00,a,0,\N
2848,Ðíîøãã,ÄÐ,13411635160,9066309074,cfwszvqz3976@sohu.com,2008/8/14 0:00,a,0,\N
2849,º«ÏãÐã,ÄÐ,12385755181,8023666927,txhbncqm9748@163.com,2005/5/3 0:00,a,0,\N
2850,Ç®´ºÆ¼,Å®,13155655860,2811147606,mvyr5658@163.com,1986/5/5 0:00,a,0,\N
2851,ÎÀÈï,ÄÐ,14644171595,2845083477,ct728@sina.com,2007/4/20 0:00,a,0,\N
2852,Ö£»Û¾ê,Å®,18158971071,1429190265,lvwgae9418@163.com,1998/5/1 0:00,a,0,\N
2853,ÎÀÜ¿,ÄÐ,15548532605,3994132325,jmghmsk4976@sina.com,2005/11/23 0:00,a,0,\N
2854,ºÎæ¼,ÄÐ,13952968120,8222511996,lxfir521@163.com,2005/2/3 0:00,a,0,\N
2855,ºÎÔ°,Å®,13895301222,9142706059,euereeo7958@sohu.com,1984/5/10 0:00,a,0,\N
2856,¿×Ã÷ÑÞ,ÄÐ,17976382970,7441082771,igmjm8923@sohu.com,2000/1/12 0:00,a,0,\N
2857,ÖìÎÄ¾²,Å®,15883894562,3744081554,mgeq3729@qq.com,1986/6/15 0:00,a,0,\N
2858,ÕÅÐ¢½à,ÄÐ,16084089279,8115731573,mvomnw2837@qq.com,1993/1/1 0:00,a,0,\N
2859,ÉòÄÏÁ«,ÄÐ,10590316653,4533853036,sie4016@qq.com,1990/9/23 0:00,a,0,\N
2860,¿×ÕÑæ·,Å®,11126199960,8555252208,lnvry7401@sohu.com,1986/5/8 0:00,a,0,\N
2861,ÉòÃÎ,ÄÐ,19229853749,1038779636,ufqxj7397@163.com,1998/9/26 0:00,a,0,\N
2862,ÂÀÆ®,Å®,10159981250,6820025643,jqblf919@sohu.com,1990/10/20 0:00,a,0,\N
2863,ñÒÔÂÕä,ÄÐ,18521332144,9155833373,rsbam8127@sina.com,1983/2/23 0:00,a,0,\N
2864,ñÒ·²,ÄÐ,19357079267,4984711059,xacarst779@163.com,1982/4/28 0:00,a,0,\N
2865,ÂÀÒàÑþ,Å®,10965438485,3364181001,xnajq7808@sohu.com,2006/10/5 0:00,a,0,\N
2866,Ö£Æ®,ÄÐ,18168559074,7502505296,sfrao8058@sohu.com,2006/7/30 0:00,a,0,\N
2867,ÕÔâù,Å®,17349602580,6632320672,cdw3294@sohu.com,1990/10/24 0:00,a,0,\N
2868,³ÂÝí,ÄÐ,16810256242,6483477890,mf9301@sina.com,1993/12/19 0:00,a,0,\N
2869,Ê©è¥,ÄÐ,19291942715,9583201825,tdtzic4366@qq.com,1990/2/16 0:00,a,0,\N
2870,ÐíÉ¯,Å®,13630940914,9199426378,co5128@sina.com,2000/7/11 0:00,a,0,\N
2871,ÖÜ¾²,ÄÐ,12136773467,2979544269,rfmke3782@sina.com,1996/6/18 0:00,a,0,\N
2872,ÎÀÑ©Ã·,Å®,11425794363,5627854070,ct7290@qq.com,1998/12/7 0:00,a,0,\N
2873,²ÜÑþ,ÄÐ,11014176011,91979874,ik4891@sina.com,1987/9/20 0:00,a,0,\N
2874,ÓÈÃ÷ÑÞ,ÄÐ,14257698059,6347439961,fxxiqfz8207@163.com,2001/2/28 0:00,a,0,\N
2875,½¯æ¼,Å®,15376130938,8012557825,gyroox9410@sina.com,2004/12/7 0:00,a,0,\N
2876,·ë¾ý,ÄÐ,18848835229,3597647989,xnhgmn4619@sina.com,2005/1/17 0:00,a,0,\N
2877,ÕÔåû,Å®,19821713566,9476051854,nr7280@qq.com,1996/2/18 0:00,a,0,\N
2878,·ë½õ,ÄÐ,17105104923,814830309,va6387@sina.com,1987/4/4 0:00,a,0,\N
2879,åÌÎäÇÙ,ÄÐ,11523851752,9251515421,xlnvq2681@163.com,1998/6/17 0:00,a,0,\N
2880,ÖÜÂ¶,Å®,18835848569,8457426779,munl7711@sohu.com,1985/11/6 0:00,a,0,\N
2881,½ªÒÕ,ÄÐ,17070146203,1666728246,tojuwo299@qq.com,1999/5/10 0:00,a,0,\N
2882,ÕÔÕÑ¶«,Å®,16231389045,6432760348,pginwh9047@sohu.com,2000/3/7 0:00,a,0,\N
2883,·¶ÁèåÈ,ÄÐ,14030253291,8327885154,rtvarza8240@sina.com,1983/11/25 0:00,a,0,\N
2884,ÆÝÝí,ÄÐ,14160882234,5937795528,wzikg7455@sohu.com,1995/3/23 0:00,a,0,\N
2885,ºÎÓ­´º,Å®,15062330365,7597205657,ytvd3443@163.com,1994/4/19 0:00,a,0,\N
2886,ÖìºÉ,ÄÐ,12852981090,6026564637,htwm7865@qq.com,1997/3/6 0:00,a,0,\N
2887,ºÎ»Ã²¨,Å®,14871043562,9890710224,ftj7432@sohu.com,1999/4/24 0:00,a,0,\N
2888,º«½­Ï¼,ÄÐ,12021812200,2716604006,suzcp4882@sina.com,1993/3/10 0:00,a,0,\N
2889,Éò¿É,ÄÐ,12829638123,5358936659,kjwtu4181@sohu.com,2004/4/29 0:00,a,0,\N
2890,³ÂÐÀÔÃ,Å®,18000764846,946949832,agrey534@sohu.com,1997/6/29 0:00,a,0,\N
2891,ÍõÐ¾Èï,ÄÐ,16578571200,3012877537,woby2653@qq.com,1995/11/23 0:00,a,0,\N
2892,ñÒ¹âÀ¼,Å®,17946592569,2200220874,ichmbcr4482@qq.com,1982/4/19 0:00,a,0,\N
2893,½ð¹âÇÙ,ÄÐ,14413207173,2857797135,svczdm3189@sohu.com,2005/5/25 0:00,a,0,\N
2894,ÅËÅÎÏÄ,ÄÐ,17676327228,3101252659,ilsk8462@qq.com,1992/7/6 0:00,a,0,\N
2895,Ê©½Ü,Å®,16773075461,5097323790,dwism3754@sohu.com,1985/9/2 0:00,a,0,\N
2896,Ö£°ëÑ©,ÄÐ,12199505567,2804785413,zcli8556@qq.com,2005/5/6 0:00,a,0,\N
2897,Ö£°ï¾Õ,Å®,19645190834,2970371123,mmtzkql9445@163.com,2005/5/12 0:00,a,0,\N
2898,ºÎÅÎÏÄ,ÄÐ,10508208274,9484715380,zmeu4931@sohu.com,1995/8/24 0:00,a,0,\N
2899,Éò¶÷Õä,ÄÐ,15193936228,8283339071,iauklb7819@qq.com,1991/8/24 0:00,a,0,\N
2900,ºÎá°,Å®,18687411546,8737446736,aqfh5089@163.com,1984/9/14 0:00,a,0,\N
2901,½¯æÃ,ÄÐ,17430008053,1200203158,abggf6478@163.com,1986/9/4 0:00,a,0,\N
2902,ºÎæÂ,Å®,17908151149,9211728765,xocfrw6756@sina.com,1993/7/7 0:00,a,0,\N
2903,¶ËÄ¾ºìÑà,ÄÐ,13230924010,8352787949,nkfah1539@qq.com,2002/5/25 0:00,a,0,\N
2904,Î¤ÃÃÃÃ,ÄÐ,16365998983,3277640508,hzjzf1111@sina.com,1993/8/16 0:00,a,0,\N
2905,¿×Áø,Å®,11525593400,5834028118,vfchndh948@163.com,1994/10/10 0:00,a,0,\N
2906,½ªÄÏÁ«,ÄÐ,16727352142,3047062555,qjyk724@sohu.com,1996/9/18 0:00,a,0,\N
2907,ËïÁÕ,Å®,15955449938,6136358071,dwcefq8488@qq.com,1996/11/23 0:00,a,0,\N
2908,ºÎ´ä´ä,ÄÐ,13146034479,4558283167,zcyfg8292@sina.com,1984/6/9 0:00,a,0,\N
2909,ÂÀÓñÀ¼,ÄÐ,18824647068,598058565,kf739@sina.com,1982/11/2 0:00,a,0,\N
2910,Ê©¾²ö©,Å®,14412710666,5437113437,vlewb4552@sina.com,2005/2/12 0:00,a,0,\N
2911,Ç®³ÕÃÎ,ÄÐ,16651815772,1419816252,svjnpe4715@sohu.com,1993/4/2 0:00,a,0,\N
2912,ÎºÏòÆ¼,Å®,12299612760,3847083641,elvjo2401@qq.com,1995/9/5 0:00,a,0,\N
2913,Åíæ«,ÄÐ,10135884881,9814169592,vhg7018@sina.com,1989/8/9 0:00,a,0,\N
2914,Ñî·ã,ÄÐ,16663079261,9041190510,wlzw3641@qq.com,2001/3/29 0:00,a,0,\N
2915,ÖìÐñ,Å®,13848463892,9350242072,ofuou3193@163.com,1989/10/31 0:00,a,0,\N
2916,²ÜÈï,ÄÐ,11366406679,6327752566,rwn665@sina.com,1997/1/25 0:00,a,0,\N
2917,ÑÏ¾ý,Å®,13465288281,6056241164,cdg8802@sohu.com,2007/2/13 0:00,a,0,\N
2918,ÑÏÖÒ½¿,ÄÐ,17585513591,1762748253,npgsj7727@qq.com,1982/12/13 0:00,a,0,\N
2919,ÓÈÃÀÀö,ÄÐ,10849227309,9342328967,rai5359@sina.com,1984/10/25 0:00,a,0,\N
2920,²Ü¾°Óñ,Å®,13559917211,4381279007,jbjivf5436@sina.com,2006/2/18 0:00,a,0,\N
2921,»ªî£æ¼,ÄÐ,19797354340,306317963,eaotcir2431@sohu.com,1986/11/10 0:00,a,0,\N
2922,ÀîÕÑ¶«,Å®,12351522445,6280596995,tu2347@sohu.com,2009/3/13 0:00,a,0,\N
2923,ÖÜÑ°ÎÄ,ÄÐ,17764579653,6484572826,yq5420@sohu.com,2002/12/6 0:00,a,0,\N
2924,½ðÀöºì,ÄÐ,11673723459,3367154674,drfm4252@qq.com,2001/5/30 0:00,a,0,\N
2925,ÓÈÑ©Ã·,Å®,11376345753,4610896731,gcboef4444@163.com,1989/12/16 0:00,a,0,\N
2926,ÕÔ²ý¾Õ,ÄÐ,12353317737,2080230884,qvsd9856@163.com,1993/7/8 0:00,a,0,\N
2927,³ÂÓñÍ¤,Å®,16042885184,5445548082,yan9927@qq.com,1992/4/24 0:00,a,0,\N
2928,ÍõÆ¼,ÄÐ,14487732648,9904635643,gmtdwyu4284@163.com,2007/7/31 0:00,a,0,\N
2929,ñÒÓÐ¾Õ,ÄÐ,12487540841,7237201115,aqlbx4054@163.com,1996/3/1 0:00,a,0,\N
2930,ºÎÀöÀö,Å®,12860064506,9984993353,rmtso8928@sohu.com,1993/2/27 0:00,a,0,\N
2931,ÆÝÜç,ÄÐ,15501648783,6880161305,rzkoa7048@qq.com,1993/10/13 0:00,a,0,\N
2932,½ðË¼,Å®,15674430131,2654021575,uhp9711@sohu.com,1993/7/21 0:00,a,0,\N
2933,»ª¹âÆ¼,ÄÐ,12738483548,329404011,qmmpea3506@qq.com,2007/11/13 0:00,a,0,\N
2934,ÌÕÜç,ÄÐ,13174130916,9187410094,ppqvwt1124@sina.com,2006/12/30 0:00,a,0,\N
2935,ÆÝÇåâù,Å®,13858765959,6335902301,vwbfgf9923@163.com,1996/5/7 0:00,a,0,\N
2936,Îâ·Ã·ã,ÄÐ,15205129384,5597832432,rbqep6970@sina.com,1989/10/8 0:00,a,0,\N
2937,ÕÔÎäÇÙ,Å®,12840233445,64857404,glrqjh9439@sohu.com,1997/3/20 0:00,a,0,\N
2938,ÉòÒÁÆ¼,ÄÐ,19287338256,6780369521,xqr5365@qq.com,2005/10/7 0:00,a,0,\N
2939,ñÒÓð,ÄÐ,18763772845,5659082700,rcqxr3848@sohu.com,1987/2/23 0:00,a,0,\N
2940,º«ÑÞ,Å®,13256222009,3822142699,tqcn1548@sina.com,2001/9/21 0:00,a,0,\N
2941,½ª¹ð,ÄÐ,12888615727,9310379717,osyx9427@qq.com,1988/8/30 0:00,a,0,\N
2942,ÅËÐÀÑô,Å®,19037210941,9788400742,zjpwmoj2166@sohu.com,2009/2/4 0:00,a,0,\N
2943,ÑîæÃ,ÄÐ,12329096198,6901092051,ase7346@sina.com,2007/11/10 0:00,a,0,\N
2944,ÎÀÃÀÃÀ,ÄÐ,16615427732,1797773099,bjw6993@163.com,1992/5/26 0:00,a,0,\N
2945,·ëº­ÝÕ,Å®,13145471215,2778520653,3514@qq.com,1993/12/11 0:00,a,0,\N
2946,ÍõÕØç÷,ÄÐ,19763226509,9698939028,y8831@qq.com,1997/12/26 0:00,a,0,\N
2947,Û¬ÃôÈã,Å®,18161303400,8724651419,oug1039@sohu.com,2006/6/11 0:00,a,0,\N
2948,·ëÃÀÁÕ,ÄÐ,17588044404,4161559817,uijvvpq6137@qq.com,1999/12/17 0:00,a,0,\N
2949,ÑÏÔ°,ÄÐ,17319906353,4683733534,rnvdx3323@qq.com,2001/9/18 0:00,a,0,\N
2950,Ê©ºç,Å®,18463065624,9493548780,sjgkpctt5303@163.com,1999/3/2 0:00,a,0,\N
2951,¿º²ËÁá,ÄÐ,10892352461,5310064475,pk216@sohu.com,1985/5/12 0:00,a,0,\N
2952,Ç®Àä°²,Å®,15403198003,8997611213,lua5800@163.com,1995/12/26 0:00,a,0,\N
2953,ÖÜÊÀÀ¼,ÄÐ,18349543213,8898705153,cz3214@sina.com,2001/8/14 0:00,a,0,\N
2954,Ë®ÀÖ,ÄÐ,14448862075,3179193999,zoa6292@qq.com,1990/6/10 0:00,a,0,\N
2955,ÐíÔªÈº,Å®,18210842013,7761446091,ugktt7850@sohu.com,2002/9/14 0:00,a,0,\N
2956,ÓÈæý,ÄÐ,10120092630,3618562046,lad9107@qq.com,2003/12/29 0:00,a,0,\N
2957,ñÒÏÄÇà,Å®,16681769490,1610583111,xvd2014@163.com,1982/12/16 0:00,a,0,\N
2958,ºÂä¿,ÄÐ,14503452777,7819456254,fqfppur4446@sina.com,1989/4/30 0:00,a,0,\N
2959,ÀÉµ¤,ÄÐ,15393261313,8013008435,tewh9819@sina.com,1983/5/28 0:00,a,0,\N
2960,³Âá°,Å®,19034260511,2846785188,oyznxn5@sina.com,1988/4/22 0:00,a,0,\N
2961,½¯¼Ñ,ÄÐ,11054988503,6477180665,orh8464@sohu.com,2004/3/8 0:00,a,0,\N
2962,½ªÆ®,Å®,10536627769,8065840151,jyz1430@sohu.com,1996/8/7 0:00,a,0,\N
2963,ÎÀÖ¦,ÄÐ,12335240244,5235284563,jrxi8719@qq.com,1995/2/7 0:00,a,0,\N
2964,ÂÀÔ¶ÇÙ,ÄÐ,15583811998,9795680846,kvwyuo2396@qq.com,2001/3/7 0:00,a,0,\N
2965,ÌÕ½­Ï¼,Å®,11779869198,2283309070,tqot8852@sohu.com,2000/11/24 0:00,a,0,\N
2966,ÎÀæÃ,ÄÐ,19741380214,3188976303,fsewt6022@sohu.com,2000/8/16 0:00,a,0,\N
2967,ÌÕÉº,Å®,13082799315,4741379512,dbdh659@sina.com,2006/12/16 0:00,a,0,\N
2968,Îº³ÌÑà,ÄÐ,10755685567,9150933280,cbjaq7545@163.com,2002/10/27 0:00,a,0,\N
2969,·ïÖÒ½¿,ÄÐ,16520596146,3096947420,mqv1179@qq.com,2001/4/1 0:00,a,0,\N
2970,ºÎ³ÌÑà,Å®,17250156402,6609871797,nrtobp5214@sina.com,2000/8/25 0:00,a,0,\N
2971,Îº¾²æµ,ÄÐ,17863599658,9393228899,obnnb6842@qq.com,1995/2/9 0:00,a,0,\N
2972,ÆÝº®Ñã,Å®,16991897821,2951725021,mhkzdzt3588@qq.com,1996/12/14 0:00,a,0,\N
2973,ÎÀË¼,ÄÐ,18576119542,925549998,rsun8899@sohu.com,1996/9/3 0:00,a,0,\N
2974,ËïÐ¡µû,ÄÐ,11291105747,7931198162,tdu1991@163.com,2007/7/3 0:00,a,0,\N
2975,ÆÝÍðº£,Å®,17618193030,3507865006,ztjbu333@163.com,1992/1/14 0:00,a,0,\N
2976,Ðí·ïÃÀ,ÄÐ,14595793485,8871988590,eeei3877@163.com,1985/9/8 0:00,a,0,\N
2977,ñ¼º®,Å®,17661405205,872261115,gqtntw401@sohu.com,1989/11/17 0:00,a,0,\N
2978,»ª°ÁÎÄ,ÄÐ,10844330787,7468506841,xjnq4372@sina.com,2003/12/19 0:00,a,0,\N
2979,ÎÀÓñ¾§,ÄÐ,11031271815,9263610384,xsfy4849@sohu.com,1990/1/31 0:00,a,0,\N
2980,ÎÀ¾²,Å®,10638295412,1001715717,jmb8529@sohu.com,1990/7/15 0:00,a,0,\N
2981,¿×Óð,ÄÐ,13188684582,8792177454,ynwdddi711@163.com,1988/3/17 0:00,a,0,\N
2982,ÅËÏþ,Å®,15798137187,3281492156,j4993@sohu.com,1987/12/22 0:00,a,0,\N
2983,Éò¾§,ÄÐ,14062919020,5606408936,mafajc8483@sina.com,1983/5/12 0:00,a,0,\N
2984,Îºæý,ÄÐ,10364154577,3128114062,ty9928@163.com,1985/2/18 0:00,a,0,\N
2985,ÌÕ·¼,Å®,10048704743,1448627917,ei1285@163.com,1982/11/24 0:00,a,0,\N
2986,Ðí²ý¾Õ,ÄÐ,19605283737,705231782,lgtr499@163.com,2003/3/5 0:00,a,0,\N
2987,ÑîÁéÖñ,Å®,11979858279,9655994520,ryvqlhu3871@qq.com,1994/5/5 0:00,a,0,\N
2988,ÕÔÓ­Âü,ÄÐ,11098200082,4516941427,enlijq740@sohu.com,1988/4/5 0:00,a,0,\N
2989,Íõ×ÓÍ®,ÄÐ,16891978383,9169340964,vykgz8433@qq.com,1983/6/24 0:00,a,0,\N
2990,ñÒ½ðÃµ,Å®,14439232349,4381444708,rjeq1808@sohu.com,2001/11/6 0:00,a,0,\N
2991,Îº´úÔÆ,ÄÐ,13886703848,612217038,ovd6857@sohu.com,1986/5/16 0:00,a,0,\N
2992,ÖÜÐÀíµ,Å®,18651589155,8193707484,rmda8489@sina.com,1999/11/23 0:00,a,0,\N
2993,ÌÕÃ·Ïã,ÄÐ,16910033822,1002809461,fhcuukv9668@163.com,1989/5/6 0:00,a,0,\N
2994,ÖÜºì,ÄÐ,18850398063,2789756713,jsylgfn8050@sohu.com,1997/4/9 0:00,a,0,\N
2995,ÖÜ¿É,Å®,19757210612,6161206031,qqli3249@sina.com,1998/9/2 0:00,a,0,\N
2996,ÖÜÐÄæÂ,ÄÐ,16228057146,1724952985,nbin5422@163.com,1997/10/28 0:00,a,0,\N
2997,ÄÂÉ¯É¯,Å®,11116665005,2374423023,cuahz9792@163.com,1988/11/13 0:00,a,0,\N
2998,ÂÀ³ÌÑà,ÄÐ,17922399044,5278913331,jh596@sohu.com,1997/10/26 0:00,a,0,\N
2999,²ÜÍðº£,ÄÐ,19965524077,1381721770,mmcx8535@163.com,1994/6/6 0:00,a,0,\N
3000,Ó÷Çà,Å®,15830167531,499456488,uzgqjk5591@sina.com,1988/2/6 0:00,a,0,\N
3001,·ëÏþÔÆ,ÄÐ,14129181504,5242807853,yhqc1329@sina.com,2004/10/15 0:00,a,0,\N
3002,ÃÏÐÀÑô,Å®,15928306579,1598070321,lbhg9156@sohu.com,2007/10/29 0:00,a,0,\N
3003,ËïÊÀÈº,ÄÐ,17317430377,151313855,axsyv7800@sina.com,1996/7/21 0:00,a,0,\N
3004,Â¡ºç,ÄÐ,12165561914,3509528570,nkjx3256@sina.com,2001/5/12 0:00,a,0,\N
3005,ÎâÃ÷Öé,Å®,12449658513,756044095,wtkyp1803@sohu.com,1996/3/17 0:00,a,0,\N
3006,»ª´ó·Ò,ÄÐ,11486895084,3928001634,inrpw543@163.com,1986/2/3 0:00,a,0,\N
3007,º«×ÏÝæ,Å®,11581606268,9052617305,xhgzx5142@163.com,1996/12/18 0:00,a,0,\N
3008,ÉòÑÇÃ·,ÄÐ,19053210020,1632253550,fecq2203@163.com,1985/11/11 0:00,a,0,\N
3009,ÐíºìÆ¼,ÄÐ,15246186852,4407890666,hk4969@sina.com,1999/5/28 0:00,a,0,\N
3010,ÆÝÌ«Èº,Å®,15218892097,1412394885,xwqe7175@163.com,2008/7/20 0:00,a,0,\N
3011,½¯ÅæÎÄ,ÄÐ,16520869135,3779626152,zmncc6379@sohu.com,1997/12/11 0:00,a,0,\N
3012,Ð»´«Ãô,Å®,18329659700,8410708705,rde5874@sohu.com,1998/3/17 0:00,a,0,\N
3013,½ðæÂ,ÄÐ,17634122967,3694087612,hscxj3679@163.com,1991/6/27 0:00,a,0,\N
3014,ÌÕÃÀÀö,ÄÐ,19903228282,7189054319,nywgv1169@sohu.com,1994/11/17 0:00,a,0,\N
3015,ÕÔºìÑà,Å®,19423426985,8043864537,endsi3434@qq.com,1998/2/1 0:00,a,0,\N
3016,ÇØçù,ÄÐ,11255286931,3335270989,mbz454@sina.com,2002/6/5 0:00,a,0,\N
3017,ÇØ°ÁÎÄ,Å®,16457338929,8268555942,eanc891@163.com,2001/9/22 0:00,a,0,\N
3018,ÂÀÄî,ÄÐ,13133287429,7921201281,emva2456@sohu.com,1993/11/18 0:00,a,0,\N
3019,Â³æÃæÃ,ÄÐ,13134128451,4980725300,fmybfj5559@163.com,1994/3/30 0:00,a,0,\N
3020,ÄÂÐÀÔÃ,Å®,12420545816,7624791255,dqtuh6892@sina.com,1985/9/17 0:00,a,0,\N
3021,Ê©Ò¦,ÄÐ,18569472432,2599694976,jvx1455@sohu.com,1995/1/6 0:00,a,0,\N
3022,ÐíÌÎ,Å®,12473156452,5828682183,rj5459@sohu.com,1996/7/9 0:00,a,0,\N
3023,ÎâÒ¹°×,ÄÐ,10585712790,1055656079,iiu1252@163.com,2000/12/24 0:00,a,0,\N
3024,ÇØÇ§Æ¼,ÄÐ,16152218580,2507925969,hpc3950@163.com,1983/8/15 0:00,a,0,\N
3025,·ëÑôÓ¿,Å®,11615176796,1126577190,zfd5595@sina.com,2009/3/10 0:00,a,0,\N
3026,ÀîÃ·Ã·,ÄÐ,13113875389,3219233975,ofxgbvo460@qq.com,2008/5/13 0:00,a,0,\N
3027,ÌÕÈð½ø,Å®,11830059885,2470432896,cezx9423@sina.com,1999/12/10 0:00,a,0,\N
3028,½ªÀöÀö,ÄÐ,15419665575,4316431,pna9924@sina.com,1989/6/4 0:00,a,0,\N
3029,ÂÀÔ·,ÄÐ,17311370968,5915240557,ekb1172@sohu.com,2005/4/19 0:00,a,0,\N
3030,»ªÃûæÂ,Å®,18029687404,9519727114,ynspn3035@qq.com,1982/2/21 0:00,a,0,\N
3031,ÆÝâù,ÄÐ,13569440245,4069421261,dlj8862@163.com,1985/6/24 0:00,a,0,\N
3032,Îº¶÷Õä,Å®,13241075277,6205875495,szmkxfz5184@sina.com,1984/10/20 0:00,a,0,\N
3033,ÑîÉ¯É¯,ÄÐ,17228489518,6814938392,zlgr4289@qq.com,2000/4/22 0:00,a,0,\N
3034,½¯ËÉ,ÄÐ,10634288787,807456029,gktfau7279@163.com,1984/4/11 0:00,a,0,\N
3035,ºÎºçÁØ,Å®,11187765002,745814756,fqxtckk6097@sina.com,2006/7/13 0:00,a,0,\N
3036,ÌÕÓñÀ¼,ÄÐ,16589714288,7058051786,tqu1310@qq.com,1993/1/18 0:00,a,0,\N
3037,ÑÏÃô,Å®,11071732640,4114366694,bhm7407@sina.com,1991/7/5 0:00,a,0,\N
3038,·ëÏþ,ÄÐ,19937078952,1841307096,hdqwbdc6814@qq.com,1992/8/10 0:00,a,0,\N
3039,Îº»Û¾ê,ÄÐ,13281835913,1347871134,rfppt58@sina.com,1990/2/13 0:00,a,0,\N
3040,Ç®ÃÀÀö,Å®,12800177335,6641041419,wtxq810@sina.com,1984/9/19 0:00,a,0,\N
3041,Ö£°ëÇÛ,ÄÐ,17462316155,3697918995,qrxkm9945@qq.com,1996/12/28 0:00,a,0,\N
3042,ÅËÐË,Å®,18199410438,593094099,hngo5316@qq.com,1995/2/12 0:00,a,0,\N
3043,Ö£ÁèÐý,ÄÐ,18692595362,5085185912,juhxdblv398@sohu.com,1993/7/20 0:00,a,0,\N
3044,ÖÜæ¯,ÄÐ,18474637269,7951057218,gdfveqr4031@qq.com,1982/5/11 0:00,a,0,\N
3045,·ÑÓ½,Å®,17218721508,4701948695,oy9935@163.com,1985/2/22 0:00,a,0,\N
3046,ÎÀÄÏÁ«,ÄÐ,11090838909,5278751206,bgvsa6178@sina.com,1992/10/17 0:00,a,0,\N
3047,½¯Ñà,Å®,16036376357,434943465,pkk1204@163.com,2004/5/18 0:00,a,0,\N
3048,½¯Ýº,ÄÐ,10889095067,6181585434,nprqva7871@qq.com,1984/8/4 0:00,a,0,\N
3049,ÎÀÓñÀ¼,ÄÐ,19137945771,9671008915,fms3813@qq.com,2004/12/2 0:00,a,0,\N
3050,½ª»¨¶ð,Å®,10345373153,3889623434,hugfejo8419@sina.com,1999/9/12 0:00,a,0,\N
3051,ÑÏÒàÑþ,ÄÐ,15736152529,6548125619,pnxfz1605@qq.com,2006/6/13 0:00,a,0,\N
3052,½ðÏÄÃ·,Å®,11899629831,4504619967,chqylb9636@sina.com,1994/11/19 0:00,a,0,\N
3053,ÛºÀó,ÄÐ,18276751637,7214119836,vnzvz1627@qq.com,1991/11/6 0:00,a,0,\N
3054,ÍõÑþ,ÄÐ,18917725086,6223674616,xgto583@qq.com,2008/12/24 0:00,a,0,\N
3055,Ö£Ö®É½,Å®,14552788138,7155827743,bd5496@163.com,1999/5/29 0:00,a,0,\N
3056,ÕÔÑþ,ÄÐ,14348648786,2351924080,ito3668@sina.com,1984/12/24 0:00,a,0,\N
3057,¿×ÑÇÃ·,Å®,16732917428,7160983540,hyxpmh4656@163.com,2007/12/11 0:00,a,0,\N
3058,½ðÖì½¿,ÄÐ,18639559745,8416772875,aclcojp3695@qq.com,1993/12/2 0:00,a,0,\N
3059,»ªá°,ÄÐ,12616288065,6975452348,yco2862@qq.com,2008/4/22 0:00,a,0,\N
3060,ÑîÀö,Å®,10971137285,6196269620,pp8055@qq.com,1987/4/25 0:00,a,0,\N
3061,ÆÝÀÖ,ÄÐ,16926487088,8218266361,znvllny6235@163.com,2001/9/23 0:00,a,0,\N
3062,ÎâÓ°,Å®,10375745296,9973923590,awukv552@sohu.com,1988/4/12 0:00,a,0,\N
3063,ÆÝÐË,ÄÐ,12957047820,616990174,ytcxs4054@qq.com,2002/10/3 0:00,a,0,\N
3064,Ç®³ÉÁú,ÄÐ,15800908803,2832713737,lxjhn447@sohu.com,1985/9/7 0:00,a,0,\N
3065,ÑîÇÚ,Å®,17381020188,8125838723,vusjq5904@sina.com,1991/4/28 0:00,a,0,\N
3066,ÎºÔªÈº,ÄÐ,16680603027,3300529861,w4546@163.com,1984/2/8 0:00,a,0,\N
3067,Ê©Á¯ÔÆ,Å®,13537103533,3989238789,eltpx1295@qq.com,1993/4/19 0:00,a,0,\N
3068,»ª¿ª·ï,ÄÐ,18076854944,5159803104,fxxodc3890@163.com,1997/7/21 0:00,a,0,\N
3069,ÕÔ¼Î,ÄÐ,11004841923,6313022485,hdgd1684@sohu.com,1983/7/28 0:00,a,0,\N
3070,ÐíÁúæÃ,Å®,16954157352,5733610485,kzzu7002@qq.com,1999/3/20 0:00,a,0,\N
3071,ÉòÇä,ÄÐ,11781381964,8206098681,abxoydv7156@sina.com,2001/7/26 0:00,a,0,\N
3072,²Üº£Á«,Å®,18649195432,460875632,wb2136@163.com,1985/9/14 0:00,a,0,\N
3073,ÕÔ×ÏËª,ÄÐ,15872293114,9054835787,ilrwu9690@sina.com,1995/4/12 0:00,a,0,\N
3074,ÆÝÈÚ,ÄÐ,15098385810,4073105420,nmsi8634@sina.com,2005/6/8 0:00,a,0,\N
3075,¶«ÃÅÈÚ,Å®,11608950495,5992796851,djcw1786@163.com,2004/7/10 0:00,a,0,\N